Index,Highest Charting Position,Number of Times Charted,Song Name,Streams,Artist,Artist Followers,Genre,Popularity,Danceability,Energy,Loudness,Speechiness,Acousticness,Liveness,Tempo,Duration (ms),Valence,Chord
7,3,16,Kiss Me More (feat. SZA),29356736,Doja Cat,8640063,dance pop,94.0,0.762,0.701,-3.541,0.0286,0.235,0.123,110.968,208867.0,0.742,G#/Ab
7,3,16,Kiss Me More (feat. SZA),29356736,Doja Cat,8640063, pop,94.0,0.762,0.701,-3.541,0.0286,0.235,0.123,110.968,208867.0,0.742,G#/Ab
9,3,8,Yonaguni,25030128,Bad Bunny,36142273, reggaeton,96.0,0.644,0.648,-4.601,0.118,0.276,0.135,179.951,206710.0,0.44,C#/Db
9,3,8,Yonaguni,25030128,Bad Bunny,36142273, trap latino,96.0,0.644,0.648,-4.601,0.118,0.276,0.135,179.951,206710.0,0.44,C#/Db
11,4,43,Levitating (feat. DaBaby),23518010,Dua Lipa,27142474,dance pop,89.0,0.702,0.825,-3.787,0.0601,0.00883,0.0674,102.977,203064.0,0.915,F#/Gb
11,4,43,Levitating (feat. DaBaby),23518010,Dua Lipa,27142474, pop,89.0,0.702,0.825,-3.787,0.0601,0.00883,0.0674,102.977,203064.0,0.915,F#/Gb
14,1,19,Peaches (feat. Daniel Caesar & Giveon),20294457,Justin Bieber,48504126, pop,94.0,0.677,0.696,-6.181,0.119,0.321,0.42,90.03,198082.0,0.464,C
14,1,19,Peaches (feat. Daniel Caesar & Giveon),20294457,Justin Bieber,48504126, post-teen pop,94.0,0.677,0.696,-6.181,0.119,0.321,0.42,90.03,198082.0,0.464,C
18,5,14,Save Your Tears (with Ariana Grande) (Remix),18053141,The Weeknd,35305637, pop,94.0,0.65,0.825,-4.645,0.0325,0.0215,0.0936,118.091,191014.0,0.593,C
20,20,7,Need To Know,16908917,Doja Cat,8640063,dance pop,90.0,0.664,0.609,-6.509,0.0707,0.304,0.0926,130.041,210560.0,0.194,C#/Db
20,20,7,Need To Know,16908917,Doja Cat,8640063, pop,90.0,0.664,0.609,-6.509,0.0707,0.304,0.0926,130.041,210560.0,0.194,C#/Db
22,22,5,Ain't Shit,16126897,Doja Cat,8640063,dance pop,90.0,0.855,0.488,-4.601,0.208,0.506,0.347,124.097,174253.0,0.619,D#/Eb
22,22,5,Ain't Shit,16126897,Doja Cat,8640063, pop,90.0,0.855,0.488,-4.601,0.208,0.506,0.347,124.097,174253.0,0.619,D#/Eb
25,1,83,Blinding Lights,15011809,The Weeknd,35305637, pop,92.0,0.514,0.73,-5.934,0.0598,0.00146,0.0897,171.005,200040.0,0.334,C#/Db
64,2,34,Save Your Tears,8843110,The Weeknd,35305637, pop,94.0,0.65,0.825,-4.645,0.0325,0.0215,0.0936,118.091,191014.0,0.593,C
82,6,21,Wants and Needs (feat. Lil Baby),7637626,Drake,56308172, pop rap,87.0,0.578,0.449,-6.349,0.286,0.0618,0.119,136.006,192956.0,0.1,C#/Db
82,6,21,Wants and Needs (feat. Lil Baby),7637626,Drake,56308172, rap,87.0,0.578,0.449,-6.349,0.286,0.0618,0.119,136.006,192956.0,0.1,C#/Db
92,1,40,positions,7244853,Ariana Grande,67158068,dance pop,86.0,0.737,0.802,-4.771,0.0878,0.468,0.0931,144.015,172325.0,0.682,C
92,1,40,positions,7244853,Ariana Grande,67158068, pop,86.0,0.737,0.802,-4.771,0.0878,0.468,0.0931,144.015,172325.0,0.682,C
92,1,40,positions,7244853,Ariana Grande,67158068, post-teen pop,86.0,0.737,0.802,-4.771,0.0878,0.468,0.0931,144.015,172325.0,0.682,C
97,97,3,Woman,6858466,Doja Cat,8640063,dance pop,86.0,0.824,0.764,-4.175,0.0854,0.0888,0.117,107.998,172627.0,0.881,F
97,97,3,Woman,6858466,Doja Cat,8640063, pop,86.0,0.824,0.764,-4.175,0.0854,0.0888,0.117,107.998,172627.0,0.881,F
101,52,19,Levitating,6799831,Dua Lipa,27142474,dance pop,89.0,0.702,0.825,-3.787,0.0601,0.00883,0.0674,102.977,203064.0,0.915,F#/Gb
101,52,19,Levitating,6799831,Dua Lipa,27142474, pop,89.0,0.702,0.825,-3.787,0.0601,0.00883,0.0674,102.977,203064.0,0.915,F#/Gb
114,9,29,Streets,6502302,Doja Cat,8640063,dance pop,86.0,0.749,0.463,-8.433,0.0842,0.21,0.338,90.035,226987.0,0.189,B
114,9,29,Streets,6502302,Doja Cat,8640063, pop,86.0,0.749,0.463,-8.433,0.0842,0.21,0.338,90.035,226987.0,0.189,B
189,52,22,The Hills,5068864,The Weeknd,35305637, pop,84.0,0.585,0.564,-7.063,0.0515,0.0671,0.135,113.003,242253.0,0.137,C
192,64,3,De Museo,5016125,Bad Bunny,36142273, reggaeton,83.0,0.592,0.494,-10.618,0.0747,0.237,0.13,132.037,209771.0,0.231,E
192,64,3,De Museo,5016125,Bad Bunny,36142273, trap latino,83.0,0.592,0.494,-10.618,0.0747,0.237,0.13,132.037,209771.0,0.231,E
193,41,81,7 rings,5002227,Ariana Grande,67158068,dance pop,85.0,0.778,0.317,-10.732,0.334,0.592,0.0881,140.048,178627.0,0.327,C#/Db
193,41,81,7 rings,5002227,Ariana Grande,67158068, pop,85.0,0.778,0.317,-10.732,0.334,0.592,0.0881,140.048,178627.0,0.327,C#/Db
193,41,81,7 rings,5002227,Ariana Grande,67158068, post-teen pop,85.0,0.778,0.317,-10.732,0.334,0.592,0.0881,140.048,178627.0,0.327,C#/Db
200,172,12,The Real Slim Shady,4948965,Eminem,46785561, rap,84.0,0.949,0.661,-4.244,0.0572,0.0302,0.0454,104.504,284200.0,0.76,F
222,22,22,We're Good,6318660,Dua Lipa,27142474,dance pop,83.0,0.722,0.588,-5.932,0.0544,0.0319,0.183,134.01,165507.0,0.59,F#/Gb
222,22,22,We're Good,6318660,Dua Lipa,27142474, pop,83.0,0.722,0.588,-5.932,0.0544,0.0319,0.183,134.01,165507.0,0.59,F#/Gb
225,17,24,Baila Conmigo (with Rauw Alejandro),5588217,Selena Gomez,28909504,dance pop,84.0,0.823,0.544,-7.132,0.0715,0.0215,0.0966,149.903,186088.0,0.664,F
225,17,24,Baila Conmigo (with Rauw Alejandro),5588217,Selena Gomez,28909504, pop,84.0,0.823,0.544,-7.132,0.0715,0.0215,0.0966,149.903,186088.0,0.664,F
225,17,24,Baila Conmigo (with Rauw Alejandro),5588217,Selena Gomez,28909504, post-teen pop,84.0,0.823,0.544,-7.132,0.0715,0.0215,0.0966,149.903,186088.0,0.664,F
239,55,2,I Don't Do Drugs (feat. Ariana Grande),5912293,Doja Cat,8640063,dance pop,80.0,0.683,0.615,-5.737,0.0966,0.222,0.154,77.014,188893.0,0.45,F
239,55,2,I Don't Do Drugs (feat. Ariana Grande),5912293,Doja Cat,8640063, pop,80.0,0.683,0.615,-5.737,0.0966,0.222,0.154,77.014,188893.0,0.45,F
265,121,1,Get Into It (Yuh),6503281,Doja Cat,8640063,dance pop,80.0,0.912,0.655,-6.029,0.162,0.315,0.0894,91.942,138293.0,0.793,G#/Ab
265,121,1,Get Into It (Yuh),6503281,Doja Cat,8640063, pop,80.0,0.912,0.655,-6.029,0.162,0.315,0.0894,91.942,138293.0,0.793,G#/Ab
268,165,1,Naked,5527865,Doja Cat,8640063,dance pop,75.0,0.733,0.862,-5.736,0.197,0.374,0.131,111.076,223560.0,0.536,G
268,165,1,Naked,5527865,Doja Cat,8640063, pop,75.0,0.733,0.862,-5.736,0.197,0.374,0.131,111.076,223560.0,0.536,G
270,176,1,Payday (feat. Young Thug),5393789,Doja Cat,8640063,dance pop,73.0,0.619,0.707,-5.791,0.0499,0.0366,0.13,168.995,212947.0,0.558,C#/Db
270,176,1,Payday (feat. Young Thug),5393789,Doja Cat,8640063, pop,73.0,0.619,0.707,-5.791,0.0499,0.0366,0.13,168.995,212947.0,0.558,C#/Db
271,179,1,Been Like This,5362817,Doja Cat,8640063,dance pop,74.0,0.678,0.531,-5.029,0.0374,0.126,0.377,99.008,177373.0,0.176,A#/Bb
271,179,1,Been Like This,5362817,Doja Cat,8640063, pop,74.0,0.678,0.531,-5.029,0.0374,0.126,0.377,99.008,177373.0,0.176,A#/Bb
290,7,65,Break My Heart,4971176,Dua Lipa,27142474,dance pop,80.0,0.73,0.729,-3.434,0.0884,0.167,0.349,113.011,221820.0,0.467,E
290,7,65,Break My Heart,4971176,Dua Lipa,27142474, pop,80.0,0.73,0.729,-3.434,0.0884,0.167,0.349,113.011,221820.0,0.467,E
291,2,44,Laugh Now Cry Later (feat. Lil Durk),4916860,Drake,56308172, pop rap,83.0,0.761,0.518,-8.871,0.134,0.244,0.107,133.976,261493.0,0.522,C
291,2,44,Laugh Now Cry Later (feat. Lil Durk),4916860,Drake,56308172, rap,83.0,0.761,0.518,-8.871,0.134,0.244,0.107,133.976,261493.0,0.522,C
310,12,29,TE MUDASTE,5242347,Bad Bunny,36142273, reggaeton,82.0,0.811,0.637,-4.835,0.0591,0.234,0.118,92.025,130014.0,0.471,A#/Bb
310,12,29,TE MUDASTE,5242347,Bad Bunny,36142273, trap latino,82.0,0.811,0.637,-4.835,0.0591,0.234,0.118,92.025,130014.0,0.471,A#/Bb
315,1,55,Rain On Me (with Ariana Grande),5041656,Lady Gaga,18572085,dance pop,79.0,0.672,0.855,-3.764,0.0397,0.021,0.323,123.056,182200.0,0.646,A
315,1,55,Rain On Me (with Ariana Grande),5041656,Lady Gaga,18572085, pop,79.0,0.672,0.855,-3.764,0.0397,0.021,0.323,123.056,182200.0,0.646,A
315,1,55,Rain On Me (with Ariana Grande),5041656,Lady Gaga,18572085, post-teen pop,79.0,0.672,0.855,-3.764,0.0397,0.021,0.323,123.056,182200.0,0.646,A
328,170,1,Killer (feat. Jack Harlow & Cordae) - Remix,5404939,Eminem,46785561, rap,76.0,0.924,0.73,-6.125,0.274,0.0525,0.113,99.01,236666.0,0.848,B
334,4,70,Godzilla (feat. Juice WRLD),5143522,Eminem,46785561, rap,83.0,0.808,0.745,-5.26,0.342,0.145,0.292,165.995,210800.0,0.829,A#/Bb
337,4,37,Holy (feat. Chance The Rapper),5063015,Justin Bieber,48504126, pop,81.0,0.673,0.704,-8.056,0.36,0.196,0.0898,86.919,212093.0,0.372,F#/Gb
337,4,37,Holy (feat. Chance The Rapper),5063015,Justin Bieber,48504126, post-teen pop,81.0,0.673,0.704,-8.056,0.36,0.196,0.0898,86.919,212093.0,0.372,F#/Gb
351,2,12,Whatâs Next,5335112,Drake,56308172, pop rap,81.0,0.781,0.594,-6.959,0.0485,0.0136,0.162,129.895,178154.0,0.0628,C
351,2,12,Whatâs Next,5335112,Drake,56308172, rap,81.0,0.781,0.594,-6.959,0.0485,0.0136,0.162,129.895,178154.0,0.0628,C
373,5,31,Lonely (with benny blanco),5191697,Justin Bieber,48504126, pop,80.0,0.631,0.239,-7.071,0.0398,0.864,0.116,79.859,149297.0,0.0927,B
373,5,31,Lonely (with benny blanco),5191697,Justin Bieber,48504126, post-teen pop,80.0,0.631,0.239,-7.071,0.0398,0.864,0.116,79.859,149297.0,0.0927,B
399,20,5,Mr. Perfectly Fine (Taylorâs Version) (From The Vault),5480722,Taylor Swift,42227614, post-teen pop,74.0,0.66,0.817,-6.269,0.0521,0.162,0.0667,135.942,277592.0,0.714,B
406,9,6,As I Am (feat. Khalid),5896065,Justin Bieber,48544923, pop,72.0,0.595,0.543,-8.149,0.038,0.127,0.0975,99.928,174406.0,0.109,B
406,9,6,As I Am (feat. Khalid),5896065,Justin Bieber,48544923, post-teen pop,72.0,0.595,0.543,-8.149,0.038,0.127,0.0975,99.928,174406.0,0.109,B
413,6,53,In Your Eyes,5054319,The Weeknd,35340069, pop,81.0,0.667,0.719,-5.371,0.0346,0.00285,0.0736,100.021,237520.0,0.717,G
422,8,5,Love Story (Taylorâs Version),6202933,Taylor Swift,42227614, post-teen pop,73.0,0.627,0.792,-4.311,0.031,0.13,0.0845,119.054,235767.0,0.415,D
425,3,19,willow,5016865,Taylor Swift,42227614, post-teen pop,79.0,0.392,0.574,-9.195,0.17,0.833,0.145,81.112,214707.0,0.529,G
429,52,1,You Belong With Me (Taylorâs Version),9872084,Taylor Swift,42227614, post-teen pop,73.0,0.632,0.773,-4.856,0.0346,0.0623,0.0885,130.033,231124.0,0.474,F#/Gb
430,54,1,Fearless (Taylorâs Version),9676024,Taylor Swift,42227614, post-teen pop,69.0,0.569,0.741,-4.963,0.0282,0.0122,0.333,100.118,241592.0,0.43,F
432,80,1,Fifteen (Taylorâs Version),7852063,Taylor Swift,42227614, post-teen pop,66.0,0.559,0.646,-4.61,0.0272,0.116,0.32,95.466,294419.0,0.289,G
433,84,1,The Way I Loved You (Taylorâs Version),7736262,Taylor Swift,42227614, post-teen pop,72.0,0.402,0.732,-4.665,0.0484,0.0033,0.108,161.032,243137.0,0.472,F
434,51,3,You All Over Me (feat. Maren Morris) (Taylorâs Version) (From The Vault),7712896,Taylor Swift,42227614, post-teen pop,65.0,0.589,0.496,-7.606,0.0377,0.818,0.101,142.731,220839.0,0.44,D
435,93,1,Hey Stephen (Taylorâs Version),7385864,Taylor Swift,42227614, post-teen pop,66.0,0.788,0.571,-6.135,0.0296,0.106,0.0934,115.99,254255.0,0.797,F#/Gb
436,102,1,White Horse (Taylorâs Version),7039222,Taylor Swift,42227614, post-teen pop,65.0,0.423,0.517,-7.377,0.0486,0.369,0.177,185.262,234516.0,0.366,C
437,114,1,Forever & Always (Taylorâs Version),6566059,Taylor Swift,42227614, post-teen pop,66.0,0.598,0.821,-4.433,0.0447,0.0231,0.143,128.03,225328.0,0.673,A#/Bb
438,119,1,Breathe (feat. Colbie Caillat) (Taylorâs Version),6508683,Taylor Swift,42227614, post-teen pop,64.0,0.506,0.626,-6.066,0.0287,0.156,0.228,148.035,263377.0,0.321,C#/Db
440,146,1,Thatâs When (feat. Keith Urban) (Taylorâs Version) (From The Vault),5889939,Taylor Swift,42227614, post-teen pop,67.0,0.588,0.608,-7.062,0.0365,0.225,0.092,90.201,189496.0,0.508,F
441,147,1,Tell Me Why (Taylorâs Version),5885151,Taylor Swift,42227614, post-teen pop,63.0,0.578,0.909,-3.669,0.0628,0.0222,0.333,100.023,200576.0,0.541,G
442,148,1,Youâre Not Sorry (Taylorâs Version),5860405,Taylor Swift,42227614, post-teen pop,64.0,0.506,0.444,-4.99,0.0285,0.0538,0.123,133.873,261843.0,0.241,F#/Gb
445,192,1,Donât You (Taylorâs Version) (From The Vault),5197564,Taylor Swift,42227614, post-teen pop,65.0,0.563,0.473,-11.548,0.0503,0.514,0.109,101.934,208609.0,0.405,D#/Eb
446,195,1,We Were Happy (Taylorâs Version) (From The Vault),5189423,Taylor Swift,42227614, post-teen pop,64.0,0.609,0.373,-8.819,0.0263,0.849,0.0779,106.007,244237.0,0.13,C
454,28,3,Unstable (feat. The Kid LAROI),5137645,Justin Bieber,48544923, pop,74.0,0.495,0.333,-10.109,0.0288,0.737,0.112,99.757,158324.0,0.37,E
454,28,3,Unstable (feat. The Kid LAROI),5137645,Justin Bieber,48544923, post-teen pop,74.0,0.495,0.333,-10.109,0.0288,0.737,0.112,99.757,158324.0,0.37,E
455,2,48,Stuck with U (with Justin Bieber),5094660,Ariana Grande,67208170,dance pop,84.0,0.597,0.45,-6.658,0.0418,0.223,0.382,178.765,228482.0,0.537,G#/Ab
455,2,48,Stuck with U (with Justin Bieber),5094660,Ariana Grande,67208170, pop,84.0,0.597,0.45,-6.658,0.0418,0.223,0.382,178.765,228482.0,0.537,G#/Ab
455,2,48,Stuck with U (with Justin Bieber),5094660,Ariana Grande,67208170, post-teen pop,84.0,0.597,0.45,-6.658,0.0418,0.223,0.382,178.765,228482.0,0.537,G#/Ab
460,50,3,Ghost,5013450,Justin Bieber,48544923, pop,71.0,0.601,0.741,-5.569,0.0478,0.185,0.415,153.96,153190.0,0.441,D
460,50,3,Ghost,5013450,Justin Bieber,48544923, post-teen pop,71.0,0.601,0.741,-5.569,0.0478,0.185,0.415,153.96,153190.0,0.441,D
461,37,3,Off My Face,5004111,Justin Bieber,48544923, pop,75.0,0.509,0.228,-8.68,0.0332,0.92,0.104,90.674,156468.0,0.586,E
461,37,3,Off My Face,5004111,Justin Bieber,48544923, post-teen pop,75.0,0.509,0.228,-8.68,0.0332,0.92,0.104,90.674,156468.0,0.586,E
467,49,2,Deserve You,5837372,Justin Bieber,48544923, pop,69.0,0.677,0.633,-7.831,0.0771,0.0314,0.112,89.934,187239.0,0.409,G
467,49,2,Deserve You,5837372,Justin Bieber,48544923, post-teen pop,69.0,0.677,0.633,-7.831,0.0771,0.0314,0.112,89.934,187239.0,0.409,G
468,44,2,2 Much,5794583,Justin Bieber,48544923, pop,70.0,0.583,0.444,-8.601,0.0456,0.593,0.353,119.59,152796.0,0.167,A
468,44,2,2 Much,5794583,Justin Bieber,48544923, post-teen pop,70.0,0.583,0.444,-8.601,0.0456,0.593,0.353,119.59,152796.0,0.167,A
471,61,2,Loved By You (feat. Burna Boy),5419040,Justin Bieber,48544923, pop,69.0,0.79,0.724,-6.972,0.0852,0.0696,0.113,101.04,159250.0,0.642,C#/Db
471,61,2,Loved By You (feat. Burna Boy),5419040,Justin Bieber,48544923, post-teen pop,69.0,0.79,0.724,-6.972,0.0852,0.0696,0.113,101.04,159250.0,0.642,C#/Db
473,17,4,Lemon Pepper Freestyle (feat. Rick Ross),5365747,Drake,56327031, pop rap,76.0,0.77,0.637,-5.53,0.345,0.103,0.171,94.966,383037.0,0.431,C#/Db
473,17,4,Lemon Pepper Freestyle (feat. Rick Ross),5365747,Drake,56327031, rap,76.0,0.77,0.637,-5.53,0.345,0.103,0.171,94.966,383037.0,0.431,C#/Db
476,57,2,Die For You (feat. Dominic Fike),5323412,Justin Bieber,48544923, pop,67.0,0.728,0.629,-6.629,0.0318,0.00196,0.0847,135.031,198426.0,0.71,C#/Db
476,57,2,Die For You (feat. Dominic Fike),5323412,Justin Bieber,48544923, post-teen pop,67.0,0.728,0.629,-6.629,0.0318,0.00196,0.0847,135.031,198426.0,0.71,C#/Db
480,60,1,Love You Different (feat. BEAM),10024729,Justin Bieber,48544923, pop,66.0,0.759,0.584,-6.655,0.06,0.0652,0.16,127.138,186696.0,0.374,G#/Ab
480,60,1,Love You Different (feat. BEAM),10024729,Justin Bieber,48544923, post-teen pop,66.0,0.759,0.584,-6.655,0.06,0.0652,0.16,127.138,186696.0,0.374,G#/Ab
481,74,1,Somebody,8912458,Justin Bieber,48544923, pop,67.0,0.714,0.833,-5.239,0.0259,0.00249,0.298,129.964,220920.0,0.663,F
481,74,1,Somebody,8912458,Justin Bieber,48544923, post-teen pop,67.0,0.714,0.833,-5.239,0.0259,0.00249,0.298,129.964,220920.0,0.663,F
490,109,1,DÃ¡melo Toâ (feat. Myke Towers),6426522,Selena Gomez,28931149,dance pop,64.0,0.787,0.641,-7.376,0.315,0.101,0.07,182.003,184134.0,0.437,G#/Ab
490,109,1,DÃ¡melo Toâ (feat. Myke Towers),6426522,Selena Gomez,28931149, pop,64.0,0.787,0.641,-7.376,0.315,0.101,0.07,182.003,184134.0,0.437,G#/Ab
490,109,1,DÃ¡melo Toâ (feat. Myke Towers),6426522,Selena Gomez,28931149, post-teen pop,64.0,0.787,0.641,-7.376,0.315,0.101,0.07,182.003,184134.0,0.437,G#/Ab
497,6,60,Say So,5103528,Doja Cat,8671649,dance pop,82.0,0.787,0.673,-4.583,0.159,0.264,0.0904,110.962,237893.0,0.779,B
497,6,60,Say So,5103528,Doja Cat,8671649, pop,82.0,0.787,0.673,-4.583,0.159,0.264,0.0904,110.962,237893.0,0.779,B
519,38,2,test drive,6591829,Ariana Grande,67208170,dance pop,71.0,0.698,0.708,-4.943,0.0454,0.0251,0.124,115.036,122174.0,0.322,A
519,38,2,test drive,6591829,Ariana Grande,67208170, pop,71.0,0.698,0.708,-4.943,0.0454,0.0251,0.124,115.036,122174.0,0.322,A
519,38,2,test drive,6591829,Ariana Grande,67208170, post-teen pop,71.0,0.698,0.708,-4.943,0.0454,0.0251,0.124,115.036,122174.0,0.322,A
527,33,12,BOOKER T,4995965,Bad Bunny,36177712, reggaeton,77.0,0.883,0.6,-7.188,0.37,0.114,0.0931,113.903,156430.0,0.691,G
527,33,12,BOOKER T,4995965,Bad Bunny,36177712, trap latino,77.0,0.883,0.6,-7.188,0.37,0.114,0.0931,113.903,156430.0,0.691,G
528,5,53,Intentions (feat. Quavo),4994138,Justin Bieber,48544923, pop,77.0,0.806,0.546,-6.637,0.0575,0.3,0.102,147.986,212867.0,0.874,A
528,5,53,Intentions (feat. Quavo),4994138,Justin Bieber,48544923, post-teen pop,77.0,0.806,0.546,-6.637,0.0575,0.3,0.102,147.986,212867.0,0.874,A
541,14,5,motive (with Doja Cat),4986037,Ariana Grande,67208170,dance pop,80.0,0.789,0.742,-5.664,0.0652,0.0681,0.166,116.965,167990.0,0.661,A#/Bb
541,14,5,motive (with Doja Cat),4986037,Ariana Grande,67208170, pop,80.0,0.789,0.742,-5.664,0.0652,0.0681,0.166,116.965,167990.0,0.661,A#/Bb
541,14,5,motive (with Doja Cat),4986037,Ariana Grande,67208170, post-teen pop,80.0,0.789,0.742,-5.664,0.0652,0.0681,0.166,116.965,167990.0,0.661,A#/Bb
550,2,46,Toosie Slide,4966878,Drake,56327031, pop rap,78.0,0.834,0.454,-9.75,0.201,0.321,0.114,81.618,247059.0,0.837,C#/Db
550,2,46,Toosie Slide,4966878,Drake,56327031, rap,78.0,0.834,0.454,-9.75,0.201,0.321,0.114,81.618,247059.0,0.837,C#/Db
551,167,2,Earned It (Fifty Shades Of Grey),4929647,The Weeknd,35340069, pop,69.0,0.659,0.291,-8.275,0.0348,0.405,0.0771,119.829,277680.0,0.406,D
558,157,1,Can't Feel My Face,5479407,The Weeknd,35340069, pop,80.0,0.705,0.769,-5.526,0.0425,0.113,0.105,107.949,213520.0,0.583,A
560,168,3,Call Out My Name,5233359,The Weeknd,35340069, pop,80.0,0.461,0.593,-4.954,0.0356,0.17,0.307,134.17,228373.0,0.175,C#/Db
566,18,23,Heartless,4995578,The Weeknd,35340069, pop,77.0,0.537,0.746,-5.507,0.15,0.0236,0.156,170.062,198267.0,0.252,A#/Bb
567,20,15,pov,4906738,Ariana Grande,67208170,dance pop,79.0,0.487,0.534,-5.664,0.0555,0.36,0.1,131.798,201882.0,0.173,C
567,20,15,pov,4906738,Ariana Grande,67208170, pop,79.0,0.487,0.534,-5.664,0.0555,0.36,0.1,131.798,201882.0,0.173,C
567,20,15,pov,4906738,Ariana Grande,67208170, post-teen pop,79.0,0.487,0.534,-5.664,0.0555,0.36,0.1,131.798,201882.0,0.173,C
581,66,2,De Una Vez,5186567,Selena Gomez,28931149,dance pop,70.0,0.659,0.479,-6.79,0.2,0.152,0.268,163.882,155956.0,0.0395,B
581,66,2,De Una Vez,5186567,Selena Gomez,28931149, pop,70.0,0.659,0.479,-6.79,0.2,0.152,0.268,163.882,155956.0,0.0395,B
581,66,2,De Una Vez,5186567,Selena Gomez,28931149, post-teen pop,70.0,0.659,0.479,-6.79,0.2,0.152,0.268,163.882,155956.0,0.0395,B
583,42,17,Diamonds,4931163,Sam Smith,17097317,dance pop,77.0,0.653,0.667,-6.764,0.0423,0.154,0.107,104.181,213869.0,0.556,A#/Bb
583,42,17,Diamonds,4931163,Sam Smith,17097317, pop,77.0,0.653,0.667,-6.764,0.0423,0.154,0.107,104.181,213869.0,0.556,A#/Bb
583,42,17,Diamonds,4931163,Sam Smith,17097317, post-teen pop,77.0,0.653,0.667,-6.764,0.0423,0.154,0.107,104.181,213869.0,0.556,A#/Bb
586,10,7,champagne problems,4848954,Taylor Swift,42227614, post-teen pop,75.0,0.462,0.24,-12.077,0.0377,0.92,0.113,171.319,244000.0,0.32,C
599,21,7,HACIENDO QUE ME AMAS,4935633,Bad Bunny,36177712, reggaeton,78.0,0.584,0.411,-7.147,0.0838,0.869,0.0955,169.934,217769.0,0.412,A#/Bb
599,21,7,HACIENDO QUE ME AMAS,4935633,Bad Bunny,36177712, trap latino,78.0,0.584,0.411,-7.147,0.0838,0.869,0.0955,169.934,217769.0,0.412,A#/Bb
609,15,4,"no body, no crime (feat. HAIM)",4986214,Taylor Swift,42227614, post-teen pop,68.0,0.546,0.613,-7.589,0.0264,0.418,0.103,79.015,215627.0,0.535,G
616,49,4,Tequila Shots,4540781,Kid Cudi,5002317, pop rap,74.0,0.712,0.556,-7.214,0.0531,0.084,0.527,90.494,193293.0,0.22,F
616,49,4,Tequila Shots,4540781,Kid Cudi,5002317, rap,74.0,0.712,0.556,-7.214,0.0531,0.084,0.527,90.494,193293.0,0.22,F
622,3,7,Santa Tell Me,16657592,Ariana Grande,67208170,dance pop,61.0,0.525,0.621,-7.364,0.116,0.0489,0.294,191.9,204093.0,0.591,G
622,3,7,Santa Tell Me,16657592,Ariana Grande,67208170, pop,61.0,0.525,0.621,-7.364,0.116,0.0489,0.294,191.9,204093.0,0.591,G
622,3,7,Santa Tell Me,16657592,Ariana Grande,67208170, post-teen pop,61.0,0.525,0.621,-7.364,0.116,0.0489,0.294,191.9,204093.0,0.591,G
631,15,6,Mistletoe,10609206,Justin Bieber,48544923, pop,59.0,0.657,0.56,-9.049,0.0467,0.498,0.0794,161.993,182947.0,0.854,F#/Gb
631,15,6,Mistletoe,10609206,Justin Bieber,48544923, post-teen pop,59.0,0.657,0.56,-9.049,0.0467,0.498,0.0794,161.993,182947.0,0.854,F#/Gb
651,54,3,Show Out (with Skepta & Pop Smoke),5209372,Kid Cudi,5002317, pop rap,76.0,0.619,0.589,-6.531,0.124,0.43,0.378,143.896,174960.0,0.158,C#/Db
651,54,3,Show Out (with Skepta & Pop Smoke),5209372,Kid Cudi,5002317, rap,76.0,0.619,0.589,-6.531,0.124,0.43,0.378,143.896,174960.0,0.158,C#/Db
657,83,3,Have Yourself A Merry Little Christmas,9548924,Sam Smith,17097317,dance pop,46.0,0.438,0.178,-9.402,0.0414,0.957,0.316,75.248,170964.0,0.344,F
657,83,3,Have Yourself A Merry Little Christmas,9548924,Sam Smith,17097317, pop,46.0,0.438,0.178,-9.402,0.0414,0.957,0.316,75.248,170964.0,0.344,F
657,83,3,Have Yourself A Merry Little Christmas,9548924,Sam Smith,17097317, post-teen pop,46.0,0.438,0.178,-9.402,0.0414,0.957,0.316,75.248,170964.0,0.344,F
664,107,1,Gnat,8614955,Eminem,46814751, rap,70.0,0.835,0.869,-4.582,0.27,0.248,0.462,140.945,224656.0,0.82,A#/Bb
668,22,2,âtis the damn season,8115520,Taylor Swift,42227614, post-teen pop,66.0,0.575,0.434,-8.193,0.0312,0.735,0.105,145.916,229840.0,0.348,F
672,19,2,gold rush,7901968,Taylor Swift,42227614, post-teen pop,70.0,0.512,0.462,-10.491,0.0408,0.83,0.121,112.05,185320.0,0.353,A
689,181,1,Christmas Tree Farm,6657404,Taylor Swift,42227614, post-teen pop,52.0,0.598,0.68,-4.505,0.0331,0.06,0.324,134.002,228027.0,0.437,G
692,24,2,tolerate it,6635109,Taylor Swift,42227614, post-teen pop,67.0,0.316,0.361,-10.381,0.0488,0.878,0.0797,74.952,245440.0,0.221,A
695,28,1,happiness,16213589,Taylor Swift,42227614, post-teen pop,65.0,0.559,0.334,-10.733,0.0376,0.87,0.114,122.079,315147.0,0.211,B
696,34,1,ivy,14519547,Taylor Swift,42227614, post-teen pop,66.0,0.515,0.545,-9.277,0.0353,0.855,0.0921,88.856,260440.0,0.535,D
697,38,1,dorothea,14392788,Taylor Swift,42227614, post-teen pop,64.0,0.605,0.488,-8.322,0.0264,0.696,0.129,119.966,225880.0,0.354,E
698,39,1,coney island (feat. The National),14385703,Taylor Swift,42227614, post-teen pop,64.0,0.537,0.537,-11.266,0.0617,0.819,0.142,107.895,275320.0,0.292,G#/Ab
699,43,1,evermore (feat. Bon Iver),13810722,Taylor Swift,42227614, post-teen pop,66.0,0.39,0.27,-10.673,0.0308,0.937,0.111,125.177,304107.0,0.32,C#/Db
700,45,1,long story short,13583538,Taylor Swift,42227614, post-teen pop,66.0,0.546,0.73,-7.704,0.0417,0.66,0.0972,157.895,215920.0,0.573,C
701,53,1,cowboy like me,12782098,Taylor Swift,42227614, post-teen pop,64.0,0.604,0.517,-9.014,0.0347,0.768,0.123,127.967,275040.0,0.511,C
702,57,1,marjorie,12234761,Taylor Swift,42227614, post-teen pop,64.0,0.535,0.561,-11.609,0.0484,0.876,0.115,96.103,257773.0,0.287,F
703,70,1,closure,11245393,Taylor Swift,42227614, post-teen pop,62.0,0.689,0.704,-10.813,0.245,0.835,0.134,151.884,180653.0,0.92,A
704,74,1,She Knows This,10561183,Kid Cudi,5002317, pop rap,64.0,0.39,0.724,-7.607,0.0889,0.162,0.393,165.945,216560.0,0.312,F#/Gb
704,74,1,She Knows This,10561183,Kid Cudi,5002317, rap,64.0,0.39,0.724,-7.607,0.0889,0.162,0.393,165.945,216560.0,0.312,F#/Gb
705,97,1,Another Day,8901697,Kid Cudi,5002317, pop rap,63.0,0.646,0.758,-7.75,0.0708,0.556,0.335,172.995,199787.0,0.0642,E
705,97,1,Another Day,8901697,Kid Cudi,5002317, rap,63.0,0.646,0.758,-7.75,0.0708,0.556,0.335,172.995,199787.0,0.0642,E
706,126,1,"Solo Dolo, Pt. III",7655623,Kid Cudi,5002317, pop rap,61.0,0.589,0.727,-6.907,0.0866,0.239,0.164,152.058,242267.0,0.52,A#/Bb
706,126,1,"Solo Dolo, Pt. III",7655623,Kid Cudi,5002317, rap,61.0,0.589,0.727,-6.907,0.0866,0.239,0.164,152.058,242267.0,0.52,A#/Bb
707,129,1,Dive,7524738,Kid Cudi,5002317, pop rap,60.0,0.64,0.621,-8.269,0.0679,0.67,0.36,123.105,148707.0,0.332,A
707,129,1,Dive,7524738,Kid Cudi,5002317, rap,60.0,0.64,0.621,-8.269,0.0679,0.67,0.36,123.105,148707.0,0.332,A
708,139,1,Heaven On Earth,7117347,Kid Cudi,5002317, pop rap,59.0,0.786,0.61,-6.736,0.0558,0.379,0.0765,130.036,201093.0,0.228,C
708,139,1,Heaven On Earth,7117347,Kid Cudi,5002317, rap,59.0,0.786,0.61,-6.736,0.0558,0.379,0.0765,130.036,201093.0,0.228,C
709,147,1,Sad People,6865689,Kid Cudi,5002317, pop rap,62.0,0.636,0.647,-6.971,0.0381,0.247,0.113,158.073,176027.0,0.416,F
709,147,1,Sad People,6865689,Kid Cudi,5002317, rap,62.0,0.636,0.647,-6.971,0.0381,0.247,0.113,158.073,176027.0,0.416,F
710,152,1,Damaged,6763705,Kid Cudi,5002317, pop rap,57.0,0.625,0.581,-7.1,0.0316,0.553,0.254,142.04,150853.0,0.267,G#/Ab
710,152,1,Damaged,6763705,Kid Cudi,5002317, rap,57.0,0.625,0.581,-7.1,0.0316,0.553,0.254,142.04,150853.0,0.267,G#/Ab
711,17,3,YO VISTO ASÃ,6388079,Bad Bunny,36177712, reggaeton,73.0,0.688,0.881,-4.889,0.0474,0.0947,0.0804,123.013,191526.0,0.677,G
711,17,3,YO VISTO ASÃ,6388079,Bad Bunny,36177712, trap latino,73.0,0.688,0.881,-4.889,0.0474,0.0947,0.0804,123.013,191526.0,0.677,G
712,183,1,Beautiful Trip,6108393,Kid Cudi,5002317, pop rap,54.0,0.331,0.513,-15.392,0.632,0.972,0.882,133.971,37013.0,0.42,B
712,183,1,Beautiful Trip,6108393,Kid Cudi,5002317, rap,54.0,0.331,0.513,-15.392,0.632,0.972,0.882,133.971,37013.0,0.42,B
713,185,1,The Void,6068816,Kid Cudi,5002317, pop rap,61.0,0.464,0.459,-8.736,0.0314,0.365,0.117,142.017,325413.0,0.0786,G
713,185,1,The Void,6068816,Kid Cudi,5002317, rap,61.0,0.464,0.459,-8.736,0.0314,0.365,0.117,142.017,325413.0,0.0786,G
714,1,12,cardigan,5845457,Taylor Swift,42227614, post-teen pop,79.0,0.613,0.581,-8.588,0.0424,0.537,0.25,130.033,239560.0,0.551,C
717,138,1,Blinding Lights (with ROSALÃA) - Remix,6653913,The Weeknd,35340069, pop,64.0,0.49,0.694,-5.793,0.0618,0.0133,0.0946,170.903,216123.0,0.249,F
719,29,2,TE DESEO LO MEJOR,6204228,Bad Bunny,36177712, reggaeton,70.0,0.763,0.597,-5.054,0.0416,0.158,0.111,126.054,139576.0,0.194,C#/Db
719,29,2,TE DESEO LO MEJOR,6204228,Bad Bunny,36177712, trap latino,70.0,0.763,0.597,-5.054,0.0416,0.158,0.111,126.054,139576.0,0.194,C#/Db
725,43,2,LA DROGA,5375449,Bad Bunny,36177712, reggaeton,70.0,0.643,0.727,-5.506,0.0389,0.0439,0.123,90.019,162299.0,0.295,C#/Db
725,43,2,LA DROGA,5375449,Bad Bunny,36177712, trap latino,70.0,0.643,0.727,-5.506,0.0389,0.0439,0.123,90.019,162299.0,0.295,C#/Db
729,41,1,HOY COBRÃ,12914431,Bad Bunny,36177712, reggaeton,70.0,0.86,0.725,-6.7,0.249,0.0464,0.0994,145.001,162151.0,0.375,B
729,41,1,HOY COBRÃ,12914431,Bad Bunny,36177712, trap latino,70.0,0.86,0.725,-6.7,0.249,0.0464,0.0994,145.001,162151.0,0.375,B
730,44,1,MALDITA POBREZA,12660806,Bad Bunny,36177712, reggaeton,67.0,0.762,0.861,-4.075,0.0652,0.139,0.0956,133.037,213609.0,0.588,E
730,44,1,MALDITA POBREZA,12660806,Bad Bunny,36177712, trap latino,67.0,0.762,0.861,-4.075,0.0652,0.139,0.0956,133.037,213609.0,0.588,E
731,48,1,EL MUNDO ES MÃO,12507010,Bad Bunny,36177712, reggaeton,67.0,0.716,0.522,-6.834,0.0582,0.166,0.113,76.993,165199.0,0.224,F
731,48,1,EL MUNDO ES MÃO,12507010,Bad Bunny,36177712, trap latino,67.0,0.716,0.522,-6.834,0.0582,0.166,0.113,76.993,165199.0,0.224,F
732,53,1,ANTES QUE SE ACABE,11298839,Bad Bunny,36177712, reggaeton,76.0,0.693,0.549,-6.098,0.0577,0.505,0.324,139.988,221187.0,0.473,D
732,53,1,ANTES QUE SE ACABE,11298839,Bad Bunny,36177712, trap latino,76.0,0.693,0.549,-6.098,0.0577,0.505,0.324,139.988,221187.0,0.473,D
734,63,1,120,10957181,Bad Bunny,36177712, reggaeton,72.0,0.636,0.656,-5.542,0.0676,0.451,0.287,171.918,151506.0,0.439,D
734,63,1,120,10957181,Bad Bunny,36177712, trap latino,72.0,0.636,0.656,-5.542,0.0676,0.451,0.287,171.918,151506.0,0.439,D
735,66,1,TRELLAS,10733416,Bad Bunny,36177712, reggaeton,66.0,0.43,0.412,-5.372,0.0281,0.2,0.324,90.872,157673.0,0.0508,D
735,66,1,TRELLAS,10733416,Bad Bunny,36177712, trap latino,66.0,0.43,0.412,-5.372,0.0281,0.2,0.324,90.872,157673.0,0.0508,D
760,24,8,Runnin,4914682,"21 Savage, Metro Boomin",9949044, rap,78.0,0.819,0.626,-4.574,0.202,0.00748,0.167,143.01,195906.0,0.415,A#/Bb
760,24,8,Runnin,4914682,"21 Savage, Metro Boomin",9949044, trap,78.0,0.819,0.626,-4.574,0.202,0.00748,0.167,143.01,195906.0,0.415,A#/Bb
772,20,3,off the table (with The Weeknd),5308945,Ariana Grande,67208170,dance pop,67.0,0.411,0.522,-7.295,0.0981,0.519,0.398,88.332,239949.0,0.382,C
772,20,3,off the table (with The Weeknd),5308945,Ariana Grande,67208170, pop,67.0,0.411,0.522,-7.295,0.0981,0.519,0.398,88.332,239949.0,0.382,C
772,20,3,off the table (with The Weeknd),5308945,Ariana Grande,67208170, post-teen pop,67.0,0.411,0.522,-7.295,0.0981,0.519,0.398,88.332,239949.0,0.382,C
779,25,3,just like magic,4980571,Ariana Grande,67208170,dance pop,69.0,0.719,0.607,-5.156,0.165,0.08,0.125,128.006,149900.0,0.464,G#/Ab
779,25,3,just like magic,4980571,Ariana Grande,67208170, pop,69.0,0.719,0.607,-5.156,0.165,0.08,0.125,128.006,149900.0,0.464,G#/Ab
779,25,3,just like magic,4980571,Ariana Grande,67208170, post-teen pop,69.0,0.719,0.607,-5.156,0.165,0.08,0.125,128.006,149900.0,0.464,G#/Ab
790,38,2,safety net (feat. Ty Dolla $ign),5798744,Ariana Grande,67208170,dance pop,70.0,0.552,0.599,-5.75,0.0404,0.0703,0.0986,161.884,208457.0,0.0916,C#/Db
790,38,2,safety net (feat. Ty Dolla $ign),5798744,Ariana Grande,67208170, pop,70.0,0.552,0.599,-5.75,0.0404,0.0703,0.0986,161.884,208457.0,0.0916,C#/Db
790,38,2,safety net (feat. Ty Dolla $ign),5798744,Ariana Grande,67208170, post-teen pop,70.0,0.552,0.599,-5.75,0.0404,0.0703,0.0986,161.884,208457.0,0.0916,C#/Db
791,31,2,shut up,5282490,Ariana Grande,67208170,dance pop,63.0,0.499,0.462,-5.308,0.0312,0.801,0.0946,127.698,157710.0,0.599,C
791,31,2,shut up,5282490,Ariana Grande,67208170, pop,63.0,0.499,0.462,-5.308,0.0312,0.801,0.0946,127.698,157710.0,0.599,C
791,31,2,shut up,5282490,Ariana Grande,67208170, post-teen pop,63.0,0.499,0.462,-5.308,0.0312,0.801,0.0946,127.698,157710.0,0.599,C
792,42,2,nasty,5249342,Ariana Grande,67208170,dance pop,69.0,0.772,0.506,-6.558,0.139,0.0814,0.182,127.894,200733.0,0.456,F#/Gb
792,42,2,nasty,5249342,Ariana Grande,67208170, pop,69.0,0.772,0.506,-6.558,0.139,0.0814,0.182,127.894,200733.0,0.456,F#/Gb
792,42,2,nasty,5249342,Ariana Grande,67208170, post-teen pop,69.0,0.772,0.506,-6.558,0.139,0.0814,0.182,127.894,200733.0,0.456,F#/Gb
797,25,6,Mr. Right Now (feat. Drake),4951481,"21 Savage, Metro Boomin",9949044, rap,75.0,0.647,0.667,-5.563,0.304,0.231,0.133,172.08,193839.0,0.704,F
797,25,6,Mr. Right Now (feat. Drake),4951481,"21 Savage, Metro Boomin",9949044, trap,75.0,0.647,0.667,-5.563,0.304,0.231,0.133,172.08,193839.0,0.704,F
799,49,2,my hair,4896521,Ariana Grande,67208170,dance pop,66.0,0.686,0.526,-6.842,0.0374,0.0815,0.144,92.013,158436.0,0.372,C
799,49,2,my hair,4896521,Ariana Grande,67208170, pop,66.0,0.686,0.526,-6.842,0.0374,0.0815,0.144,92.013,158436.0,0.372,C
799,49,2,my hair,4896521,Ariana Grande,67208170, post-teen pop,66.0,0.686,0.526,-6.842,0.0374,0.0815,0.144,92.013,158436.0,0.372,C
800,59,2,obvious,4865084,Ariana Grande,67208170,dance pop,65.0,0.624,0.672,-5.334,0.106,0.0967,0.155,159.852,146959.0,0.26,C
800,59,2,obvious,4865084,Ariana Grande,67208170, pop,65.0,0.624,0.672,-5.334,0.106,0.0967,0.155,159.852,146959.0,0.26,C
800,59,2,obvious,4865084,Ariana Grande,67208170, post-teen pop,65.0,0.624,0.672,-5.334,0.106,0.0967,0.155,159.852,146959.0,0.26,C
805,51,1,six thirty,10941573,Ariana Grande,67208170,dance pop,63.0,0.739,0.516,-7.154,0.0539,0.67,0.151,120.109,183874.0,0.434,C
805,51,1,six thirty,10941573,Ariana Grande,67208170, pop,63.0,0.739,0.516,-7.154,0.0539,0.67,0.151,120.109,183874.0,0.434,C
805,51,1,six thirty,10941573,Ariana Grande,67208170, post-teen pop,63.0,0.739,0.516,-7.154,0.0539,0.67,0.151,120.109,183874.0,0.434,C
806,65,1,love language,9399230,Ariana Grande,67208170,dance pop,62.0,0.688,0.573,-5.03,0.208,0.0686,0.0749,110.034,179861.0,0.553,A#/Bb
806,65,1,love language,9399230,Ariana Grande,67208170, pop,62.0,0.688,0.573,-5.03,0.208,0.0686,0.0749,110.034,179861.0,0.553,A#/Bb
806,65,1,love language,9399230,Ariana Grande,67208170, post-teen pop,62.0,0.688,0.573,-5.03,0.208,0.0686,0.0749,110.034,179861.0,0.553,A#/Bb
807,66,1,west side,9397167,Ariana Grande,67208170,dance pop,62.0,0.688,0.455,-8.632,0.199,0.186,0.0794,87.865,132279.0,0.557,B
807,66,1,west side,9397167,Ariana Grande,67208170, pop,62.0,0.688,0.455,-8.632,0.199,0.186,0.0794,87.865,132279.0,0.557,B
807,66,1,west side,9397167,Ariana Grande,67208170, post-teen pop,62.0,0.688,0.455,-8.632,0.199,0.186,0.0794,87.865,132279.0,0.557,B
809,105,26,Dancing With A Stranger (with Normani),5229835,Sam Smith,17097317,dance pop,78.0,0.741,0.52,-7.513,0.0656,0.45,0.222,102.998,171030.0,0.347,G#/Ab
809,105,26,Dancing With A Stranger (with Normani),5229835,Sam Smith,17097317, pop,78.0,0.741,0.52,-7.513,0.0656,0.45,0.222,102.998,171030.0,0.347,G#/Ab
809,105,26,Dancing With A Stranger (with Normani),5229835,Sam Smith,17097317, post-teen pop,78.0,0.741,0.52,-7.513,0.0656,0.45,0.222,102.998,171030.0,0.347,G#/Ab
811,176,1,Kids Again,5103194,Sam Smith,17097317,dance pop,62.0,0.666,0.726,-2.998,0.0262,0.486,0.0892,128.044,207528.0,0.468,B
811,176,1,Kids Again,5103194,Sam Smith,17097317, pop,62.0,0.666,0.726,-2.998,0.0262,0.486,0.0892,128.044,207528.0,0.468,B
811,176,1,Kids Again,5103194,Sam Smith,17097317, post-teen pop,62.0,0.666,0.726,-2.998,0.0262,0.486,0.0892,128.044,207528.0,0.468,B
819,88,27,"thank u, next",5079328,Ariana Grande,67208170,dance pop,82.0,0.717,0.653,-5.634,0.0658,0.229,0.101,106.966,207320.0,0.412,C#/Db
819,88,27,"thank u, next",5079328,Ariana Grande,67208170, pop,82.0,0.717,0.653,-5.634,0.0658,0.229,0.101,106.966,207320.0,0.412,C#/Db
819,88,27,"thank u, next",5079328,Ariana Grande,67208170, post-teen pop,82.0,0.717,0.653,-5.634,0.0658,0.229,0.101,106.966,207320.0,0.412,C#/Db
838,18,34,Yo Perreo Sola,4680447,Bad Bunny,36177712, reggaeton,78.0,0.86,0.758,-5.16,0.0695,0.021,0.344,97.014,172127.0,0.453,B
838,18,34,Yo Perreo Sola,4680447,Bad Bunny,36177712, trap latino,78.0,0.86,0.758,-5.16,0.0695,0.021,0.344,97.014,172127.0,0.453,B
846,53,2,Glock In My Lap,4947593,"21 Savage, Metro Boomin",9949044, rap,69.0,0.847,0.733,-6.439,0.16,0.00574,0.151,130.029,193591.0,0.202,A#/Bb
846,53,2,Glock In My Lap,4947593,"21 Savage, Metro Boomin",9949044, trap,69.0,0.847,0.733,-6.439,0.16,0.00574,0.151,130.029,193591.0,0.202,A#/Bb
852,65,1,Rich Nigga Shit (feat. Young Thug),9129562,"21 Savage, Metro Boomin",9949044, rap,73.0,0.825,0.733,-5.625,0.0969,0.349,0.112,97.974,190331.0,0.62,C#/Db
852,65,1,Rich Nigga Shit (feat. Young Thug),9129562,"21 Savage, Metro Boomin",9949044, trap,73.0,0.825,0.733,-5.625,0.0969,0.349,0.112,97.974,190331.0,0.62,C#/Db
853,68,1,Many Men,8675173,"21 Savage, Metro Boomin",9949044, rap,65.0,0.635,0.793,-4.333,0.0322,0.000647,0.113,77.594,201856.0,0.281,A#/Bb
853,68,1,Many Men,8675173,"21 Savage, Metro Boomin",9949044, trap,65.0,0.635,0.793,-4.333,0.0322,0.000647,0.113,77.594,201856.0,0.281,A#/Bb
854,77,1,Slidin,8243488,"21 Savage, Metro Boomin",9949044, rap,64.0,0.774,0.706,-6.494,0.355,0.00163,0.104,152.891,185037.0,0.382,D
854,77,1,Slidin,8243488,"21 Savage, Metro Boomin",9949044, trap,64.0,0.774,0.706,-6.494,0.355,0.00163,0.104,152.891,185037.0,0.382,D
856,131,1,My Dawg,6029118,"21 Savage, Metro Boomin",9949044, rap,60.0,0.831,0.532,-5.319,0.301,0.0652,0.464,140.105,181716.0,0.364,C
856,131,1,My Dawg,6029118,"21 Savage, Metro Boomin",9949044, trap,60.0,0.831,0.532,-5.319,0.301,0.0652,0.464,140.105,181716.0,0.364,C
857,138,1,Snitches & Rats (feat. Young Nudy),5846760,"21 Savage, Metro Boomin",9949044, rap,57.0,0.821,0.671,-5.893,0.18,0.00843,0.0972,145.953,187773.0,0.494,A
857,138,1,Snitches & Rats (feat. Young Nudy),5846760,"21 Savage, Metro Boomin",9949044, trap,57.0,0.821,0.671,-5.893,0.18,0.00843,0.0972,145.953,187773.0,0.494,A
858,139,1,Brand New Draco,5841110,"21 Savage, Metro Boomin",9949044, rap,63.0,0.697,0.709,-6.642,0.298,0.041,0.0886,155.023,202420.0,0.439,B
858,139,1,Brand New Draco,5841110,"21 Savage, Metro Boomin",9949044, trap,63.0,0.697,0.709,-6.642,0.298,0.041,0.0886,155.023,202420.0,0.439,B
861,179,1,No Opp Left Behind,5154955,"21 Savage, Metro Boomin",9949044, rap,61.0,0.823,0.703,-2.691,0.298,0.0161,0.294,178.043,194214.0,0.26,G#/Ab
861,179,1,No Opp Left Behind,5154955,"21 Savage, Metro Boomin",9949044, trap,61.0,0.823,0.703,-2.691,0.298,0.0161,0.294,178.043,194214.0,0.26,G#/Ab
863,190,1,RIP Luv,4915080,"21 Savage, Metro Boomin",9949044, rap,62.0,0.63,0.399,-9.869,0.178,0.105,0.234,183.016,214192.0,0.0657,F
863,190,1,RIP Luv,4915080,"21 Savage, Metro Boomin",9949044, trap,62.0,0.63,0.399,-9.869,0.178,0.105,0.234,183.016,214192.0,0.0657,F
864,197,1,Steppin On Niggas,4853661,"21 Savage, Metro Boomin",9949044, rap,57.0,0.849,0.635,-4.068,0.254,0.000608,0.062,89.484,140833.0,0.798,G
864,197,1,Steppin On Niggas,4853661,"21 Savage, Metro Boomin",9949044, trap,57.0,0.849,0.635,-4.068,0.254,0.000608,0.062,89.484,140833.0,0.798,G
890,4,9,exile (feat. Bon Iver),4924533,Taylor Swift,42227614, post-teen pop,77.0,0.298,0.38,-8.426,0.0287,0.778,0.11,75.602,285634.0,0.152,F#/Gb
894,23,21,Chicago Freestyle (feat. Giveon),4799038,Drake,56327031, pop rap,80.0,0.735,0.449,-7.507,0.347,0.629,0.113,122.947,220488.0,0.0397,A#/Bb
894,23,21,Chicago Freestyle (feat. Giveon),4799038,Drake,56327031, rap,80.0,0.735,0.449,-7.507,0.347,0.629,0.113,122.947,220488.0,0.0397,A#/Bb
896,12,34,Physical,4599807,Dua Lipa,27167675,dance pop,77.0,0.647,0.844,-3.756,0.0457,0.0137,0.102,146.967,193829.0,0.746,C
896,12,34,Physical,4599807,Dua Lipa,27167675, pop,77.0,0.647,0.844,-3.756,0.0457,0.0137,0.102,146.967,193829.0,0.746,C
909,21,29,Boss Bitch,4620838,Doja Cat,8671649,dance pop,81.0,0.707,0.955,-4.593,0.222,0.127,0.202,125.989,134240.0,0.575,A#/Bb
909,21,29,Boss Bitch,4620838,Doja Cat,8671649, pop,81.0,0.707,0.955,-4.593,0.222,0.127,0.202,125.989,134240.0,0.575,A#/Bb
922,5,7,the 1,4587573,Taylor Swift,42227614, post-teen pop,75.0,0.777,0.357,-6.942,0.0522,0.757,0.108,139.883,210252.0,0.172,C
932,5,11,Sour Candy (with BLACKPINK),4556900,Lady Gaga,18585963,dance pop,70.0,0.752,0.87,-3.812,0.0623,0.0604,0.489,120.006,157707.0,0.784,A
932,5,11,Sour Candy (with BLACKPINK),4556900,Lady Gaga,18585963, pop,70.0,0.752,0.87,-3.812,0.0623,0.0604,0.489,120.006,157707.0,0.784,A
932,5,11,Sour Candy (with BLACKPINK),4556900,Lady Gaga,18585963, post-teen pop,70.0,0.752,0.87,-3.812,0.0623,0.0604,0.489,120.006,157707.0,0.784,A
939,106,4,My Oasis (feat. Burna Boy),4887204,Sam Smith,17097317,dance pop,69.0,0.691,0.474,-8.742,0.0583,0.569,0.099,143.783,179917.0,0.381,A#/Bb
939,106,4,My Oasis (feat. Burna Boy),4887204,Sam Smith,17097317, pop,69.0,0.691,0.474,-8.742,0.0583,0.569,0.099,143.783,179917.0,0.381,A#/Bb
939,106,4,My Oasis (feat. Burna Boy),4887204,Sam Smith,17097317, post-teen pop,69.0,0.691,0.474,-8.742,0.0583,0.569,0.099,143.783,179917.0,0.381,A#/Bb
943,11,5,august,4586236,Taylor Swift,42227614, post-teen pop,76.0,0.532,0.623,-9.208,0.0331,0.538,0.0925,89.937,261923.0,0.403,F
949,8,5,the last great american dynasty,4389670,Taylor Swift,42227614, post-teen pop,71.0,0.686,0.662,-8.505,0.0413,0.467,0.109,147.922,230999.0,0.706,G
950,151,1,Levitating (feat. Madonna and Missy Elliott) [The Blessed Madonna Remix],5254969,Dua Lipa,27167675,dance pop,62.0,0.808,0.655,-7.34,0.139,0.0373,0.208,116.029,250280.0,0.56,B
950,151,1,Levitating (feat. Madonna and Missy Elliott) [The Blessed Madonna Remix],5254969,Dua Lipa,27167675, pop,62.0,0.808,0.655,-7.34,0.139,0.0373,0.208,116.029,250280.0,0.56,B
951,10,4,my tears ricochet,5111416,Taylor Swift,42227614, post-teen pop,71.0,0.456,0.263,-10.63,0.0332,0.806,0.0749,129.86,255894.0,0.111,C
956,55,4,Hallucinate,4472669,Dua Lipa,27167675,dance pop,72.0,0.627,0.69,-5.396,0.139,0.033,0.0742,122.053,208505.0,0.627,A#/Bb
956,55,4,Hallucinate,4472669,Dua Lipa,27167675, pop,72.0,0.627,0.69,-5.396,0.139,0.033,0.0742,122.053,208505.0,0.627,A#/Bb
961,17,4,invisible string,4424118,Taylor Swift,42227614, post-teen pop,71.0,0.653,0.452,-11.143,0.055,0.838,0.108,83.433,252881.0,0.45,E
966,13,3,mirrorball,5564072,Taylor Swift,42227614, post-teen pop,70.0,0.553,0.413,-10.037,0.0334,0.687,0.0594,110.107,208978.0,0.379,D
967,15,3,seven,5459423,Taylor Swift,42227614, post-teen pop,69.0,0.596,0.488,-10.769,0.0274,0.9,0.091,94.926,208907.0,0.415,E
968,18,3,this is me trying,5128412,Taylor Swift,42227614, post-teen pop,70.0,0.515,0.476,-9.843,0.0328,0.314,0.171,135.886,195097.0,0.412,A
969,24,3,betty,5112180,Taylor Swift,42227614, post-teen pop,71.0,0.593,0.377,-8.761,0.0253,0.6,0.0976,95.939,294521.0,0.502,C
971,20,3,illicit affairs,5053658,Taylor Swift,42227614, post-teen pop,70.0,0.559,0.31,-10.445,0.0338,0.881,0.106,119.845,190898.0,0.46,A#/Bb
972,170,1,Freak,4736059,Doja Cat,8671649,dance pop,75.0,0.688,0.716,-5.702,0.0385,0.0969,0.0989,116.912,284480.0,0.373,G
972,170,1,Freak,4736059,Doja Cat,8671649, pop,75.0,0.688,0.716,-5.702,0.0385,0.0969,0.0989,116.912,284480.0,0.373,G
977,29,2,mad woman,6796343,Taylor Swift,42227614, post-teen pop,67.0,0.592,0.699,-8.995,0.0471,0.655,0.114,141.916,237258.0,0.506,D#/Eb
978,33,2,epiphany,6085522,Taylor Swift,42227614, post-teen pop,66.0,0.354,0.267,-13.69,0.0281,0.731,0.0858,94.219,289749.0,0.113,C#/Db
979,41,2,peace,5943851,Taylor Swift,42227614, post-teen pop,67.0,0.647,0.272,-12.906,0.0916,0.918,0.0918,150.044,234000.0,0.339,F
984,47,2,hoax,5375944,Taylor Swift,42227614, post-teen pop,66.0,0.662,0.181,-15.065,0.0415,0.966,0.133,118.819,220043.0,0.429,G#/Ab
1017,5,21,La DifÃ­cil,4727554,Bad Bunny,36177712, reggaeton,78.0,0.685,0.848,-4.561,0.0858,0.0861,0.0783,179.87,163084.0,0.761,G#/Ab
1017,5,21,La DifÃ­cil,4727554,Bad Bunny,36177712, trap latino,78.0,0.685,0.848,-4.561,0.0858,0.0861,0.0783,179.87,163084.0,0.761,G#/Ab
1020,67,2,The Adventures of Moon Man & Slim Shady (with Eminem),4639929,Kid Cudi,5002317, pop rap,67.0,0.88,0.787,-5.189,0.118,0.226,0.12,113.018,264834.0,0.588,G#/Ab
1020,67,2,The Adventures of Moon Man & Slim Shady (with Eminem),4639929,Kid Cudi,5002317, rap,67.0,0.88,0.787,-5.189,0.118,0.226,0.12,113.018,264834.0,0.588,G#/Ab
1024,2,29,Yummy,4599349,Justin Bieber,48544923, pop,72.0,0.687,0.514,-6.612,0.0897,0.366,0.116,145.921,210427.0,0.494,A
1024,2,29,Yummy,4599349,Justin Bieber,48544923, post-teen pop,72.0,0.687,0.514,-6.612,0.0897,0.366,0.116,145.921,210427.0,0.494,A
1026,69,19,Like That (feat. Gucci Mane),4565377,Doja Cat,8671649,dance pop,77.0,0.879,0.498,-6.027,0.18,0.239,0.0967,106.044,163173.0,0.405,E
1026,69,19,Like That (feat. Gucci Mane),4565377,Doja Cat,8671649, pop,77.0,0.879,0.498,-6.027,0.18,0.239,0.0967,106.044,163173.0,0.405,E
1054,7,19,Si Veo a Tu MamÃ¡,4638728,Bad Bunny,36177712, reggaeton,80.0,0.9,0.603,-5.313,0.0646,0.402,0.134,129.928,170972.0,0.824,D
1054,7,19,Si Veo a Tu MamÃ¡,4638728,Bad Bunny,36177712, trap latino,80.0,0.9,0.603,-5.313,0.0646,0.402,0.134,129.928,170972.0,0.824,D
1067,32,16,Myron,4593309,Lil Uzi Vert,11821805, rap,76.0,0.771,0.654,-6.976,0.298,0.055,0.214,155.047,224955.0,0.573,G#/Ab
1067,32,16,Myron,4593309,Lil Uzi Vert,11821805, trap,76.0,0.771,0.654,-6.976,0.298,0.055,0.214,155.047,224955.0,0.573,G#/Ab
1074,88,27,Money In The Grave (Drake ft. Rick Ross),4403348,Drake,56327031, pop rap,78.0,0.831,0.502,-4.045,0.046,0.101,0.122,100.541,205427.0,0.101,A#/Bb
1074,88,27,Money In The Grave (Drake ft. Rick Ross),4403348,Drake,56327031, rap,78.0,0.831,0.502,-4.045,0.046,0.101,0.122,100.541,205427.0,0.101,A#/Bb
1075,25,9,Say So (feat. Nicki Minaj),4385148,Doja Cat,8671649,dance pop,69.0,0.856,0.641,-4.64,0.204,0.119,0.427,111.004,206221.0,0.745,B
1075,25,9,Say So (feat. Nicki Minaj),4385148,Doja Cat,8671649, pop,69.0,0.856,0.641,-4.64,0.204,0.119,0.427,111.004,206221.0,0.745,B
1082,14,27,Lose You To Love Me,4322088,Selena Gomez,28931149,dance pop,81.0,0.488,0.343,-8.985,0.0436,0.556,0.21,102.819,206459.0,0.0978,E
1082,14,27,Lose You To Love Me,4322088,Selena Gomez,28931149, pop,81.0,0.488,0.343,-8.985,0.0436,0.556,0.21,102.819,206459.0,0.0978,E
1082,14,27,Lose You To Love Me,4322088,Selena Gomez,28931149, post-teen pop,81.0,0.488,0.343,-8.985,0.0436,0.556,0.21,102.819,206459.0,0.0978,E
1104,21,15,P2,4769996,Lil Uzi Vert,11821805, rap,73.0,0.775,0.72,-5.353,0.193,0.0236,0.114,155.086,234627.0,0.49,B
1104,21,15,P2,4769996,Lil Uzi Vert,11821805, trap,73.0,0.775,0.72,-5.353,0.193,0.0236,0.114,155.086,234627.0,0.49,B
1108,48,6,BYE ME FUI,4567732,Bad Bunny,36177712, reggaeton,72.0,0.712,0.599,-6.342,0.112,0.412,0.103,179.788,178000.0,0.588,F
1108,48,6,BYE ME FUI,4567732,Bad Bunny,36177712, trap latino,72.0,0.712,0.599,-6.342,0.112,0.412,0.103,179.788,178000.0,0.588,F
1109,15,25,Vete,4486408,Bad Bunny,36177712, reggaeton,78.0,0.886,0.672,-4.394,0.188,0.0363,0.101,91.976,192024.0,0.526,C#/Db
1109,15,25,Vete,4486408,Bad Bunny,36177712, trap latino,78.0,0.886,0.672,-4.394,0.188,0.0363,0.101,91.976,192024.0,0.526,C#/Db
1117,27,8,Iâm Ready (with Demi Lovato),4764355,Sam Smith,17097317,dance pop,68.0,0.501,0.674,-6.363,0.0408,0.00346,0.282,155.051,200838.0,0.152,F
1117,27,8,Iâm Ready (with Demi Lovato),4764355,Sam Smith,17097317, pop,68.0,0.501,0.674,-6.363,0.0408,0.00346,0.282,155.051,200838.0,0.152,F
1117,27,8,Iâm Ready (with Demi Lovato),4764355,Sam Smith,17097317, post-teen pop,68.0,0.501,0.674,-6.363,0.0408,0.00346,0.282,155.051,200838.0,0.152,F
1125,137,10,XO Tour Llif3,4314080,Lil Uzi Vert,11821805, rap,82.0,0.732,0.75,-6.366,0.231,0.00264,0.109,155.096,182707.0,0.401,B
1125,137,10,XO Tour Llif3,4314080,Lil Uzi Vert,11821805, trap,82.0,0.732,0.75,-6.366,0.231,0.00264,0.109,155.096,182707.0,0.401,B
1129,53,1,Alice,10342277,Lady Gaga,18585963,dance pop,64.0,0.723,0.88,-4.287,0.038,0.00334,0.0632,123.036,177600.0,0.323,B
1129,53,1,Alice,10342277,Lady Gaga,18585963, pop,64.0,0.723,0.88,-4.287,0.038,0.00334,0.0632,123.036,177600.0,0.323,B
1129,53,1,Alice,10342277,Lady Gaga,18585963, post-teen pop,64.0,0.723,0.88,-4.287,0.038,0.00334,0.0632,123.036,177600.0,0.323,B
1130,58,1,Free Woman,9266945,Lady Gaga,18585963,dance pop,63.0,0.731,0.927,-3.634,0.0781,0.0228,0.187,119.006,191467.0,0.478,C
1130,58,1,Free Woman,9266945,Lady Gaga,18585963, pop,63.0,0.731,0.927,-3.634,0.0781,0.0228,0.187,119.006,191467.0,0.478,C
1130,58,1,Free Woman,9266945,Lady Gaga,18585963, post-teen pop,63.0,0.731,0.927,-3.634,0.0781,0.0228,0.187,119.006,191467.0,0.478,C
1131,74,1,Fun Tonight,7907329,Lady Gaga,18585963,dance pop,58.0,0.645,0.923,-4.262,0.0725,0.364,0.14,117.945,173427.0,0.323,B
1131,74,1,Fun Tonight,7907329,Lady Gaga,18585963, pop,58.0,0.645,0.923,-4.262,0.0725,0.364,0.14,117.945,173427.0,0.323,B
1131,74,1,Fun Tonight,7907329,Lady Gaga,18585963, post-teen pop,58.0,0.645,0.923,-4.262,0.0725,0.364,0.14,117.945,173427.0,0.323,B
1132,75,1,Sine From Above (with Elton John),7734309,Lady Gaga,18585963,dance pop,60.0,0.642,0.792,-5.746,0.0488,0.158,0.68,122.965,244880.0,0.0903,C
1132,75,1,Sine From Above (with Elton John),7734309,Lady Gaga,18585963, pop,60.0,0.642,0.792,-5.746,0.0488,0.158,0.68,122.965,244880.0,0.0903,C
1132,75,1,Sine From Above (with Elton John),7734309,Lady Gaga,18585963, post-teen pop,60.0,0.642,0.792,-5.746,0.0488,0.158,0.68,122.965,244880.0,0.0903,C
1133,77,1,Enigma,7695566,Lady Gaga,18585963,dance pop,59.0,0.669,0.804,-4.035,0.036,0.0306,0.694,116.001,179760.0,0.184,C
1133,77,1,Enigma,7695566,Lady Gaga,18585963, pop,59.0,0.669,0.804,-4.035,0.036,0.0306,0.694,116.001,179760.0,0.184,C
1133,77,1,Enigma,7695566,Lady Gaga,18585963, post-teen pop,59.0,0.669,0.804,-4.035,0.036,0.0306,0.694,116.001,179760.0,0.184,C
1134,79,1,Replay,7479618,Lady Gaga,18585963,dance pop,63.0,0.658,0.878,-3.875,0.123,0.00792,0.944,122.015,186653.0,0.683,C#/Db
1134,79,1,Replay,7479618,Lady Gaga,18585963, pop,63.0,0.658,0.878,-3.875,0.123,0.00792,0.944,122.015,186653.0,0.683,C#/Db
1134,79,1,Replay,7479618,Lady Gaga,18585963, post-teen pop,63.0,0.658,0.878,-3.875,0.123,0.00792,0.944,122.015,186653.0,0.683,C#/Db
1135,80,1,Plastic Doll,7451452,Lady Gaga,18585963,dance pop,58.0,0.743,0.853,-4.842,0.04,0.0019,0.0872,121.028,221667.0,0.422,C
1135,80,1,Plastic Doll,7451452,Lady Gaga,18585963, pop,58.0,0.743,0.853,-4.842,0.04,0.0019,0.0872,121.028,221667.0,0.422,C
1135,80,1,Plastic Doll,7451452,Lady Gaga,18585963, post-teen pop,58.0,0.743,0.853,-4.842,0.04,0.0019,0.0872,121.028,221667.0,0.422,C
1136,87,1,Chromatica II,7136521,Lady Gaga,18585963,dance pop,58.0,0.184,0.297,-14.534,0.0359,0.473,0.527,75.824,41867.0,0.113,D
1136,87,1,Chromatica II,7136521,Lady Gaga,18585963, pop,58.0,0.184,0.297,-14.534,0.0359,0.473,0.527,75.824,41867.0,0.113,D
1136,87,1,Chromatica II,7136521,Lady Gaga,18585963, post-teen pop,58.0,0.184,0.297,-14.534,0.0359,0.473,0.527,75.824,41867.0,0.113,D
1137,91,1,Babylon,6996402,Lady Gaga,18585963,dance pop,61.0,0.698,0.799,-4.372,0.0342,0.0129,0.215,115.957,161733.0,0.351,D
1137,91,1,Babylon,6996402,Lady Gaga,18585963, pop,61.0,0.698,0.799,-4.372,0.0342,0.0129,0.215,115.957,161733.0,0.351,D
1137,91,1,Babylon,6996402,Lady Gaga,18585963, post-teen pop,61.0,0.698,0.799,-4.372,0.0342,0.0129,0.215,115.957,161733.0,0.351,D
1138,93,1,Chromatica I,6630385,Lady Gaga,18585963,dance pop,58.0,0.184,0.297,-14.534,0.0359,0.473,0.527,75.824,41867.0,0.113,D
1138,93,1,Chromatica I,6630385,Lady Gaga,18585963, pop,58.0,0.184,0.297,-14.534,0.0359,0.473,0.527,75.824,41867.0,0.113,D
1138,93,1,Chromatica I,6630385,Lady Gaga,18585963, post-teen pop,58.0,0.184,0.297,-14.534,0.0359,0.473,0.527,75.824,41867.0,0.113,D
1139,106,1,1000 Doves,6069544,Lady Gaga,18585963,dance pop,58.0,0.668,0.826,-4.466,0.0383,0.0236,0.474,122.973,215480.0,0.388,A
1139,106,1,1000 Doves,6069544,Lady Gaga,18585963, pop,58.0,0.668,0.826,-4.466,0.0383,0.0236,0.474,122.973,215480.0,0.388,A
1139,106,1,1000 Doves,6069544,Lady Gaga,18585963, post-teen pop,58.0,0.668,0.826,-4.466,0.0383,0.0236,0.474,122.973,215480.0,0.388,A
1151,90,1,In Your Eyes (with Doja Cat) - Remix,6511008,The Weeknd,35340069, pop,67.0,0.679,0.731,-5.522,0.0319,0.00518,0.0614,99.984,237912.0,0.727,G
1164,7,15,After Hours,4559855,The Weeknd,35340069, pop,75.0,0.664,0.572,-6.099,0.0305,0.0811,0.121,108.959,361027.0,0.143,F
1172,12,3,Pain 1993 (with Playboi Carti),6085143,Drake,56327031, pop rap,67.0,0.825,0.373,-5.532,0.108,0.163,0.368,77.271,149078.0,0.12,F
1172,12,3,Pain 1993 (with Playboi Carti),6085143,Drake,56327031, rap,67.0,0.825,0.373,-5.532,0.108,0.163,0.368,77.271,149078.0,0.12,F
1178,82,2,BENDICIONES,4639997,Bad Bunny,36177712, reggaeton,67.0,0.828,0.581,-9.909,0.0725,0.0378,0.103,143.995,155060.0,0.843,B
1178,82,2,BENDICIONES,4639997,Bad Bunny,36177712, trap latino,67.0,0.828,0.581,-9.909,0.0725,0.0378,0.103,143.995,155060.0,0.843,B
1182,83,1,SI ELLA SALE,7055918,Bad Bunny,36177712, reggaeton,63.0,0.869,0.727,-7.397,0.123,0.0589,0.107,147.967,143240.0,0.92,G
1182,83,1,SI ELLA SALE,7055918,Bad Bunny,36177712, trap latino,63.0,0.869,0.727,-7.397,0.123,0.0589,0.107,147.967,143240.0,0.92,G
1183,116,1,RONCA FREESTYLE,5784075,Bad Bunny,36177712, reggaeton,64.0,0.856,0.656,-6.483,0.131,0.165,0.0998,90.041,150060.0,0.586,F
1183,116,1,RONCA FREESTYLE,5784075,Bad Bunny,36177712, trap latino,64.0,0.856,0.656,-6.483,0.131,0.165,0.0998,90.041,150060.0,0.586,F
1188,52,11,A Tu Merced,4909499,Bad Bunny,36177712, reggaeton,82.0,0.86,0.791,-4.784,0.0568,0.169,0.106,92.023,175918.0,0.887,C
1188,52,11,A Tu Merced,4909499,Bad Bunny,36177712, trap latino,82.0,0.86,0.791,-4.784,0.0568,0.169,0.106,92.023,175918.0,0.887,C
1189,49,2,Demons (feat. Fivio Foreign & Sosa Geek),4766829,Drake,56327031, pop rap,63.0,0.543,0.766,-3.387,0.343,0.423,0.155,106.869,204805.0,0.729,C
1189,49,2,Demons (feat. Fivio Foreign & Sosa Geek),4766829,Drake,56327031, rap,63.0,0.543,0.766,-3.387,0.343,0.423,0.155,106.869,204805.0,0.729,C
1195,39,20,How Do You Sleep?,4313625,Sam Smith,17097317,dance pop,76.0,0.477,0.682,-4.931,0.0925,0.153,0.0763,110.567,202205.0,0.345,C#/Db
1195,39,20,How Do You Sleep?,4313625,Sam Smith,17097317, pop,76.0,0.477,0.682,-4.931,0.0925,0.153,0.0763,110.567,202205.0,0.345,C#/Db
1195,39,20,How Do You Sleep?,4313625,Sam Smith,17097317, post-teen pop,76.0,0.477,0.682,-4.931,0.0925,0.153,0.0763,110.567,202205.0,0.345,C#/Db
1198,51,1,Time Flies,9904749,Drake,56327031, pop rap,71.0,0.864,0.477,-5.786,0.224,0.201,0.182,86.46,192932.0,0.5,A#/Bb
1198,51,1,Time Flies,9904749,Drake,56327031, rap,71.0,0.864,0.477,-5.786,0.224,0.201,0.182,86.46,192932.0,0.5,A#/Bb
1199,53,1,Desires (with Future),9628215,Drake,56327031, pop rap,64.0,0.812,0.506,-7.706,0.116,0.281,0.325,145.074,237946.0,0.554,F
1199,53,1,Desires (with Future),9628215,Drake,56327031, rap,64.0,0.812,0.506,-7.706,0.116,0.281,0.325,145.074,237946.0,0.554,F
1200,55,1,Not You Too (feat. Chris Brown),9284383,Drake,56327031, pop rap,64.0,0.458,0.452,-9.299,0.047,0.342,0.0703,86.318,269680.0,0.316,A
1200,55,1,Not You Too (feat. Chris Brown),9284383,Drake,56327031, rap,64.0,0.458,0.452,-9.299,0.047,0.342,0.0703,86.318,269680.0,0.316,A
1201,67,1,Landed,8355036,Drake,56327031, pop rap,60.0,0.881,0.636,-4.629,0.287,0.00606,0.111,163.949,152195.0,0.715,G
1201,67,1,Landed,8355036,Drake,56327031, rap,60.0,0.881,0.636,-4.629,0.287,0.00606,0.111,163.949,152195.0,0.715,G
1202,68,1,When To Say When,8304928,Drake,56327031, pop rap,60.0,0.41,0.82,-6.808,0.533,0.252,0.538,170.718,223124.0,0.526,C#/Db
1202,68,1,When To Say When,8304928,Drake,56327031, rap,60.0,0.41,0.82,-6.808,0.533,0.252,0.538,170.718,223124.0,0.526,C#/Db
1203,70,1,Deep Pockets,8285754,Drake,56327031, pop rap,58.0,0.473,0.824,-3.68,0.163,0.482,0.605,77.888,222929.0,0.374,G
1203,70,1,Deep Pockets,8285754,Drake,56327031, rap,58.0,0.473,0.824,-3.68,0.163,0.482,0.605,77.888,222929.0,0.374,G
1204,73,1,War,7821869,Drake,56327031, pop rap,64.0,0.749,0.792,-4.151,0.0826,0.292,0.109,144.064,180000.0,0.239,A#/Bb
1204,73,1,War,7821869,Drake,56327031, rap,64.0,0.749,0.792,-4.151,0.0826,0.292,0.109,144.064,180000.0,0.239,A#/Bb
1205,84,1,From Florida With Love,7216610,Drake,56327031, pop rap,64.0,0.787,0.477,-7.837,0.199,0.768,0.104,80.506,234783.0,0.476,F#/Gb
1205,84,1,From Florida With Love,7216610,Drake,56327031, rap,64.0,0.787,0.477,-7.837,0.199,0.768,0.104,80.506,234783.0,0.476,F#/Gb
1206,89,1,Losses,6894756,Drake,56327031, pop rap,57.0,0.551,0.57,-7.385,0.351,0.28,0.424,85.687,271184.0,0.505,C#/Db
1206,89,1,Losses,6894756,Drake,56327031, rap,57.0,0.551,0.57,-7.385,0.351,0.28,0.424,85.687,271184.0,0.505,C#/Db
1208,40,4,Boyfriend,5236730,Selena Gomez,28931149,dance pop,62.0,0.811,0.512,-6.381,0.17,0.218,0.0768,92.046,161188.0,0.346,D
1208,40,4,Boyfriend,5236730,Selena Gomez,28931149, pop,62.0,0.811,0.512,-6.381,0.17,0.218,0.0768,92.046,161188.0,0.346,D
1208,40,4,Boyfriend,5236730,Selena Gomez,28931149, post-teen pop,62.0,0.811,0.512,-6.381,0.17,0.218,0.0768,92.046,161188.0,0.346,D
1213,130,11,God's Plan,4565400,Drake,56327031, pop rap,82.0,0.754,0.449,-9.211,0.109,0.0332,0.552,77.169,198973.0,0.357,G
1213,130,11,God's Plan,4565400,Drake,56327031, rap,82.0,0.754,0.449,-9.211,0.109,0.0332,0.552,77.169,198973.0,0.357,G
1222,166,1,Sasuke,4701551,Lil Uzi Vert,11821805, rap,56.0,0.859,0.477,-6.116,0.428,0.00414,0.0819,145.979,251336.0,0.153,C#/Db
1222,166,1,Sasuke,4701551,Lil Uzi Vert,11821805, trap,56.0,0.859,0.477,-6.116,0.428,0.00414,0.0819,145.979,251336.0,0.153,C#/Db
1233,16,7,That Way - Bonus Track,4825741,Lil Uzi Vert,11821805, rap,67.0,0.712,0.598,-5.368,0.0388,0.0546,0.154,130.007,212354.0,0.504,G
1233,16,7,That Way - Bonus Track,4825741,Lil Uzi Vert,11821805, trap,67.0,0.712,0.598,-5.368,0.0388,0.0546,0.154,130.007,212354.0,0.504,G
1244,30,9,To Die For,4527835,Sam Smith,17097317,dance pop,70.0,0.483,0.361,-7.889,0.0738,0.832,0.098,171.649,193795.0,0.307,C
1244,30,9,To Die For,4527835,Sam Smith,17097317, pop,70.0,0.483,0.361,-7.889,0.0738,0.832,0.098,171.649,193795.0,0.307,C
1244,30,9,To Die For,4527835,Sam Smith,17097317, post-teen pop,70.0,0.483,0.361,-7.889,0.0738,0.832,0.098,171.649,193795.0,0.307,C
1252,15,8,Forever (feat. Post Malone & Clever),6517807,Justin Bieber,48544923, pop,68.0,0.825,0.483,-5.746,0.08,0.538,0.204,139.98,219933.0,0.892,G#/Ab
1252,15,8,Forever (feat. Post Malone & Clever),6517807,Justin Bieber,48544923, post-teen pop,68.0,0.825,0.483,-5.746,0.08,0.538,0.204,139.98,219933.0,0.892,G#/Ab
1255,29,6,Pero Ya No,4666658,Bad Bunny,36177712, reggaeton,72.0,0.882,0.612,-6.103,0.118,0.0475,0.182,147.982,160638.0,0.742,E
1255,29,6,Pero Ya No,4666658,Bad Bunny,36177712, trap latino,72.0,0.882,0.612,-6.103,0.118,0.0475,0.182,147.982,160638.0,0.742,E
1256,24,3,Hardest To Love,4553544,The Weeknd,35340069, pop,67.0,0.467,0.608,-7.847,0.0707,0.0909,0.125,80.957,211400.0,0.108,A#/Bb
1259,69,2,Pretty Please,4305034,Dua Lipa,27167675,dance pop,67.0,0.906,0.474,-6.124,0.194,0.0311,0.286,106.976,194607.0,0.656,C#/Db
1259,69,2,Pretty Please,4305034,Dua Lipa,27167675, pop,67.0,0.906,0.474,-6.124,0.194,0.0311,0.286,106.976,194607.0,0.656,C#/Db
1261,70,1,Cool,8136247,Dua Lipa,27167675,dance pop,65.0,0.469,0.785,-4.015,0.0664,0.133,0.0931,89.719,209583.0,0.79,F
1261,70,1,Cool,8136247,Dua Lipa,27167675, pop,65.0,0.469,0.785,-4.015,0.0664,0.133,0.0931,89.719,209583.0,0.79,F
1262,71,1,Future Nostalgia,8091754,Dua Lipa,27167675,dance pop,65.0,0.875,0.813,-4.502,0.0579,0.00618,0.321,114.993,184882.0,0.859,G
1262,71,1,Future Nostalgia,8091754,Dua Lipa,27167675, pop,65.0,0.875,0.813,-4.502,0.0579,0.00618,0.321,114.993,184882.0,0.859,G
1263,92,1,Good In Bed,6802068,Dua Lipa,27167675,dance pop,64.0,0.68,0.701,-5.001,0.0917,0.138,0.168,94.06,218754.0,0.649,F
1263,92,1,Good In Bed,6802068,Dua Lipa,27167675, pop,64.0,0.68,0.701,-5.001,0.0917,0.138,0.168,94.06,218754.0,0.649,F
1264,27,2,Scared To Live,6566099,The Weeknd,35340069, pop,66.0,0.504,0.498,-8.24,0.0499,0.131,0.0929,87.221,191307.0,0.196,C
1265,21,2,Alone Again,6055294,The Weeknd,35340069, pop,66.0,0.218,0.652,-7.953,0.0641,0.033,0.172,65.375,250053.0,0.0599,E
1266,118,1,Boys Will Be Boys,6015914,Dua Lipa,27167675,dance pop,63.0,0.768,0.486,-5.954,0.0353,0.408,0.098,125.021,166266.0,0.519,D#/Eb
1266,118,1,Boys Will Be Boys,6015914,Dua Lipa,27167675, pop,63.0,0.768,0.486,-5.954,0.0353,0.408,0.098,125.021,166266.0,0.519,D#/Eb
1269,28,2,Too Late,5867746,The Weeknd,35340069, pop,67.0,0.638,0.863,-5.221,0.132,0.052,0.685,120.077,239973.0,0.226,E
1271,36,2,Faith,5730081,The Weeknd,35340069, pop,67.0,0.375,0.605,-7.268,0.0729,0.612,0.147,175.946,283227.0,0.128,C
1272,35,2,Snowchild,5423997,The Weeknd,35340069, pop,66.0,0.55,0.611,-7.475,0.137,0.162,0.121,148.062,247187.0,0.243,C
1273,37,2,Escape From LA,5307288,The Weeknd,35340069, pop,67.0,0.404,0.524,-8.996,0.0593,0.0456,0.199,145.74,355960.0,0.168,F
1279,51,1,Repeat After Me (Interlude),10058303,The Weeknd,35340069, pop,63.0,0.555,0.619,-7.918,0.0314,0.0323,0.0917,95.032,195813.0,0.141,C
1280,68,1,Until I Bleed Out,9132077,The Weeknd,35340069, pop,63.0,0.245,0.394,-9.887,0.0374,0.423,0.093,115.233,190173.0,0.148,C
1285,15,3,Baby Pluto,5600261,Lil Uzi Vert,11821805, rap,69.0,0.772,0.634,-6.101,0.212,0.135,0.432,160.052,210261.0,0.671,A#/Bb
1285,15,3,Baby Pluto,5600261,Lil Uzi Vert,11821805, trap,69.0,0.772,0.634,-6.101,0.212,0.135,0.432,160.052,210261.0,0.671,A#/Bb
1286,31,3,Lo Mein,5231134,Lil Uzi Vert,11821805, rap,67.0,0.855,0.676,-5.736,0.325,0.0888,0.144,133.082,195299.0,0.509,C#/Db
1286,31,3,Lo Mein,5231134,Lil Uzi Vert,11821805, trap,67.0,0.855,0.676,-5.736,0.325,0.0888,0.144,133.082,195299.0,0.509,C#/Db
1288,57,3,Futsal Shuffle 2020 - Bonus Track,5068849,Lil Uzi Vert,11821805, rap,63.0,0.879,0.448,-8.57,0.222,0.0346,0.224,136.985,198913.0,0.278,G
1288,57,3,Futsal Shuffle 2020 - Bonus Track,5068849,Lil Uzi Vert,11821805, trap,63.0,0.879,0.448,-8.57,0.222,0.0346,0.224,136.985,198913.0,0.278,G
1291,42,5,Feel Me,4765672,Selena Gomez,28931149,dance pop,63.0,0.71,0.808,-6.703,0.0433,0.44,0.0734,99.989,226003.0,0.392,D
1291,42,5,Feel Me,4765672,Selena Gomez,28931149, pop,63.0,0.71,0.808,-6.703,0.0433,0.44,0.0734,99.989,226003.0,0.392,D
1291,42,5,Feel Me,4765672,Selena Gomez,28931149, post-teen pop,63.0,0.71,0.808,-6.703,0.0433,0.44,0.0734,99.989,226003.0,0.392,D
1293,63,4,25/8,4684378,Bad Bunny,36177712, reggaeton,71.0,0.761,0.732,-5.469,0.0549,0.092,0.0716,151.982,243276.0,0.542,E
1293,63,4,25/8,4684378,Bad Bunny,36177712, trap latino,71.0,0.761,0.732,-5.469,0.0549,0.092,0.0716,151.982,243276.0,0.542,E
1296,45,4,SoliÃ¡,4516243,Bad Bunny,36177712, reggaeton,72.0,0.71,0.81,-5.507,0.0854,0.117,0.154,92.041,159282.0,0.184,D
1296,45,4,SoliÃ¡,4516243,Bad Bunny,36177712, trap latino,72.0,0.71,0.81,-5.507,0.0854,0.117,0.154,92.041,159282.0,0.184,D
1298,61,1,Bean (Kobe) [feat. Chief Keef],9039518,Lil Uzi Vert,11821805, rap,67.0,0.733,0.567,-6.718,0.319,0.0129,0.382,75.491,238816.0,0.319,C
1298,61,1,Bean (Kobe) [feat. Chief Keef],9039518,Lil Uzi Vert,11821805, trap,67.0,0.733,0.567,-6.718,0.319,0.0129,0.382,75.491,238816.0,0.319,C
1301,36,2,Silly Watch,6442451,Lil Uzi Vert,11821805, rap,65.0,0.903,0.535,-6.238,0.286,0.0298,0.0851,130.117,195692.0,0.157,G#/Ab
1301,36,2,Silly Watch,6442451,Lil Uzi Vert,11821805, trap,65.0,0.903,0.535,-6.238,0.286,0.0298,0.0851,130.117,195692.0,0.157,G#/Ab
1303,126,1,Lotus,6017103,Lil Uzi Vert,11821805, rap,58.0,0.802,0.748,-5.708,0.207,0.24,0.165,150.063,193861.0,0.516,G#/Ab
1303,126,1,Lotus,6017103,Lil Uzi Vert,11821805, trap,58.0,0.802,0.748,-5.708,0.207,0.24,0.165,150.063,193861.0,0.516,G#/Ab
1306,147,1,Leaders (feat. NAV),5496780,Lil Uzi Vert,11821805, rap,60.0,0.95,0.654,-5.895,0.307,0.0744,0.138,132.936,194844.0,0.886,C
1306,147,1,Leaders (feat. NAV),5496780,Lil Uzi Vert,11821805, trap,60.0,0.95,0.654,-5.895,0.307,0.0744,0.138,132.936,194844.0,0.886,C
1307,149,1,Strawberry Peels (feat. Young Thug & Gunna),5468083,Lil Uzi Vert,11821805, rap,59.0,0.862,0.65,-6.978,0.355,0.0207,0.568,131.194,115350.0,0.658,A#/Bb
1307,149,1,Strawberry Peels (feat. Young Thug & Gunna),5468083,Lil Uzi Vert,11821805, trap,59.0,0.862,0.65,-6.978,0.355,0.0207,0.568,131.194,115350.0,0.658,A#/Bb
1308,60,3,La Zona,5440382,Bad Bunny,36177712, reggaeton,69.0,0.762,0.801,-3.661,0.0409,0.2,0.254,93.992,136893.0,0.81,C#/Db
1308,60,3,La Zona,5440382,Bad Bunny,36177712, trap latino,69.0,0.762,0.801,-3.661,0.0409,0.2,0.254,93.992,136893.0,0.81,C#/Db
1309,153,1,Wassup (feat. Future),5415044,Lil Uzi Vert,11821805, rap,57.0,0.762,0.622,-6.293,0.223,0.352,0.145,130.019,193314.0,0.626,F
1309,153,1,Wassup (feat. Future),5415044,Lil Uzi Vert,11821805, trap,57.0,0.762,0.622,-6.293,0.223,0.352,0.145,130.019,193314.0,0.626,F
1311,158,1,Moon Relate,5324545,Lil Uzi Vert,11821805, rap,58.0,0.867,0.768,-3.73,0.0791,0.18,0.254,102.021,181826.0,0.34,G
1311,158,1,Moon Relate,5324545,Lil Uzi Vert,11821805, trap,58.0,0.867,0.768,-3.73,0.0791,0.18,0.254,102.021,181826.0,0.34,G
1316,177,1,Trap This Way (This Way),5043990,Lil Uzi Vert,11821805, rap,59.0,0.71,0.586,-5.331,0.381,0.248,0.193,175.987,185439.0,0.207,D
1316,177,1,Trap This Way (This Way),5043990,Lil Uzi Vert,11821805, trap,59.0,0.71,0.586,-5.331,0.381,0.248,0.193,175.987,185439.0,0.207,D
1318,51,2,Homecoming,4988839,Lil Uzi Vert,11821805, rap,63.0,0.929,0.563,-7.428,0.49,0.000592,0.244,129.957,213885.0,0.353,A
1318,51,2,Homecoming,4988839,Lil Uzi Vert,11821805, trap,63.0,0.929,0.563,-7.428,0.49,0.000592,0.244,129.957,213885.0,0.353,A
1319,184,1,Got The Guap (feat. Young Thug),4946997,Lil Uzi Vert,11821805, rap,58.0,0.837,0.601,-5.628,0.198,0.21,0.0928,142.977,176756.0,0.749,G#/Ab
1319,184,1,Got The Guap (feat. Young Thug),4946997,Lil Uzi Vert,11821805, trap,58.0,0.837,0.601,-5.628,0.198,0.21,0.0928,142.977,176756.0,0.749,G#/Ab
1320,53,2,Prices,4898167,Lil Uzi Vert,11821805, rap,65.0,0.786,0.683,-5.397,0.205,0.173,0.706,126.002,233333.0,0.57,G
1320,53,2,Prices,4898167,Lil Uzi Vert,11821805, trap,65.0,0.786,0.683,-5.397,0.205,0.173,0.706,126.002,233333.0,0.57,G
1321,188,1,I Can Show You,4831405,Lil Uzi Vert,11821805, rap,57.0,0.817,0.656,-7.086,0.277,0.051,0.115,139.915,120076.0,0.314,A#/Bb
1321,188,1,I Can Show You,4831405,Lil Uzi Vert,11821805, trap,57.0,0.817,0.656,-7.086,0.277,0.051,0.115,139.915,120076.0,0.314,A#/Bb
1322,52,2,I'm Sorry,4818039,Lil Uzi Vert,11821805, rap,60.0,0.858,0.547,-5.822,0.29,0.213,0.104,128.02,211883.0,0.303,C#/Db
1322,52,2,I'm Sorry,4818039,Lil Uzi Vert,11821805, trap,60.0,0.858,0.547,-5.822,0.29,0.213,0.104,128.02,211883.0,0.303,C#/Db
1326,66,3,<3,4755477,Bad Bunny,36177712, reggaeton,69.0,0.631,0.665,-7.589,0.229,0.602,0.152,80.353,157967.0,0.634,A#/Bb
1326,66,3,<3,4755477,Bad Bunny,36177712, trap latino,69.0,0.631,0.665,-7.589,0.229,0.602,0.152,80.353,157967.0,0.634,A#/Bb
1329,60,1,POP,10484727,Lil Uzi Vert,11821805, rap,58.0,0.741,0.599,-6.672,0.419,0.00961,0.785,139.891,227474.0,0.276,C#/Db
1329,60,1,POP,10484727,Lil Uzi Vert,11821805, trap,58.0,0.741,0.599,-6.672,0.419,0.00961,0.785,139.891,227474.0,0.276,C#/Db
1330,61,1,Celebration Station,10396969,Lil Uzi Vert,11821805, rap,61.0,0.748,0.771,-4.156,0.15,0.101,0.135,142.086,195058.0,0.792,F#/Gb
1330,61,1,Celebration Station,10396969,Lil Uzi Vert,11821805, trap,61.0,0.748,0.771,-4.156,0.15,0.101,0.135,142.086,195058.0,0.792,F#/Gb
1331,64,1,Bigger Than Life,9974143,Lil Uzi Vert,11821805, rap,62.0,0.776,0.752,-4.711,0.193,0.325,0.33,140.013,192705.0,0.716,G#/Ab
1331,64,1,Bigger Than Life,9974143,Lil Uzi Vert,11821805, trap,62.0,0.776,0.752,-4.711,0.193,0.325,0.33,140.013,192705.0,0.716,G#/Ab
1332,68,1,Venetia,9824605,Lil Uzi Vert,11821805, rap,63.0,0.775,0.757,-4.139,0.175,0.162,0.148,142.933,188800.0,0.562,A
1332,68,1,Venetia,9824605,Lil Uzi Vert,11821805, trap,63.0,0.775,0.757,-4.139,0.175,0.162,0.148,142.933,188800.0,0.562,A
1333,73,1,You Better Move,9533898,Lil Uzi Vert,11821805, rap,60.0,0.842,0.556,-6.793,0.442,0.159,0.204,118.836,196639.0,0.306,G#/Ab
1333,73,1,You Better Move,9533898,Lil Uzi Vert,11821805, trap,60.0,0.842,0.556,-6.793,0.442,0.159,0.204,118.836,196639.0,0.306,G#/Ab
1334,93,1,Chrome Heart Tags,8219307,Lil Uzi Vert,11821805, rap,57.0,0.702,0.768,-4.055,0.0669,0.541,0.105,70.056,212821.0,0.574,C
1334,93,1,Chrome Heart Tags,8219307,Lil Uzi Vert,11821805, trap,57.0,0.702,0.768,-4.055,0.0669,0.541,0.105,70.056,212821.0,0.574,C
1335,102,1,Bust Me,7828045,Lil Uzi Vert,11821805, rap,57.0,0.734,0.703,-6.256,0.355,0.237,0.413,151.923,194452.0,0.608,B
1335,102,1,Bust Me,7828045,Lil Uzi Vert,11821805, trap,57.0,0.734,0.703,-6.256,0.355,0.237,0.413,151.923,194452.0,0.608,B
1337,122,1,Secure The Bag,7053947,Lil Uzi Vert,11821805, rap,57.0,0.803,0.719,-4.485,0.392,0.344,0.425,129.945,238425.0,0.549,C
1337,122,1,Secure The Bag,7053947,Lil Uzi Vert,11821805, trap,57.0,0.803,0.719,-4.485,0.392,0.344,0.425,129.945,238425.0,0.549,C
1338,140,1,Urgency (feat. Syd),6224412,Lil Uzi Vert,11821805, rap,53.0,0.619,0.784,-6.11,0.123,0.0326,0.315,156.035,181161.0,0.471,C#/Db
1338,140,1,Urgency (feat. Syd),6224412,Lil Uzi Vert,11821805, trap,53.0,0.619,0.784,-6.11,0.123,0.0326,0.315,156.035,181161.0,0.471,C#/Db
1354,12,9,Rare,5195842,Selena Gomez,28931149,dance pop,68.0,0.838,0.545,-6.713,0.0706,0.208,0.103,114.998,220590.0,0.631,F
1354,12,9,Rare,5195842,Selena Gomez,28931149, pop,68.0,0.838,0.545,-6.713,0.0706,0.208,0.103,114.998,220590.0,0.631,F
1354,12,9,Rare,5195842,Selena Gomez,28931149, post-teen pop,68.0,0.838,0.545,-6.713,0.0706,0.208,0.103,114.998,220590.0,0.631,F
1357,49,1,That Way,12059592,Lil Uzi Vert,11821805, rap,67.0,0.719,0.611,-5.01,0.0403,0.0582,0.155,129.962,212354.0,0.489,G
1357,49,1,That Way,12059592,Lil Uzi Vert,11821805, trap,67.0,0.719,0.611,-5.01,0.0403,0.0582,0.155,129.962,212354.0,0.489,G
1366,32,10,Futsal Shuffle 2020,5386512,Lil Uzi Vert,11821805, rap,67.0,0.881,0.457,-8.191,0.156,0.0327,0.231,136.97,198913.0,0.296,G
1366,32,10,Futsal Shuffle 2020,5386512,Lil Uzi Vert,11821805, trap,67.0,0.881,0.457,-8.191,0.156,0.0327,0.231,136.97,198913.0,0.296,G
1375,140,9,You Need To Calm Down,5115153,Taylor Swift,42227614, post-teen pop,78.0,0.771,0.671,-5.617,0.0553,0.00929,0.0637,85.026,171360.0,0.714,D
1393,129,3,"Lose Yourself - From ""8 Mile"" Soundtrack",5118004,Eminem,46814751, rap,75.0,0.692,0.744,-4.565,0.257,0.00868,0.359,171.374,326467.0,0.0612,D
1404,61,1,Come Around Me,9533583,Justin Bieber,48544923, pop,66.0,0.648,0.681,-8.389,0.0378,0.263,0.0971,157.941,200773.0,0.767,D
1404,61,1,Come Around Me,9533583,Justin Bieber,48544923, post-teen pop,66.0,0.648,0.681,-8.389,0.0378,0.263,0.0971,157.941,200773.0,0.767,D
1405,64,1,Habitual,9120086,Justin Bieber,48544923, pop,62.0,0.764,0.443,-6.625,0.0439,0.52,0.0749,138.999,168200.0,0.63,E
1405,64,1,Habitual,9120086,Justin Bieber,48544923, post-teen pop,62.0,0.764,0.443,-6.625,0.0439,0.52,0.0749,138.999,168200.0,0.63,E
1406,65,1,All Around Me,9010535,Justin Bieber,48544923, pop,63.0,0.566,0.438,-7.564,0.0367,0.809,0.212,117.127,136907.0,0.692,C
1406,65,1,All Around Me,9010535,Justin Bieber,48544923, post-teen pop,63.0,0.566,0.438,-7.564,0.0367,0.809,0.212,117.127,136907.0,0.692,C
1407,72,1,Get Me (feat. Kehlani),8362828,Justin Bieber,48544923, pop,61.0,0.832,0.508,-6.913,0.149,0.0492,0.107,109.352,185427.0,0.75,F#/Gb
1407,72,1,Get Me (feat. Kehlani),8362828,Justin Bieber,48544923, post-teen pop,61.0,0.832,0.508,-6.913,0.149,0.0492,0.107,109.352,185427.0,0.75,F#/Gb
1408,79,1,Second Emotion (feat. Travis Scott),8109572,Justin Bieber,48544923, pop,61.0,0.796,0.777,-6.112,0.0567,0.0276,0.095,141.97,202720.0,0.96,B
1408,79,1,Second Emotion (feat. Travis Scott),8109572,Justin Bieber,48544923, post-teen pop,61.0,0.796,0.777,-6.112,0.0567,0.0276,0.095,141.97,202720.0,0.96,B
1409,85,1,Running Over (feat. Lil Dicky),7493188,Justin Bieber,48544923, pop,58.0,0.774,0.603,-7.319,0.0591,0.438,0.0869,149.982,179627.0,0.977,B
1409,85,1,Running Over (feat. Lil Dicky),7493188,Justin Bieber,48544923, post-teen pop,58.0,0.774,0.603,-7.319,0.0591,0.438,0.0869,149.982,179627.0,0.977,B
1410,86,1,Available,7473249,Justin Bieber,48544923, pop,58.0,0.702,0.608,-6.843,0.0359,0.0736,0.129,75.012,195333.0,0.597,D#/Eb
1410,86,1,Available,7473249,Justin Bieber,48544923, post-teen pop,58.0,0.702,0.608,-6.843,0.0359,0.0736,0.129,75.012,195333.0,0.597,D#/Eb
1412,103,1,Changes,6865229,Justin Bieber,48544923, pop,62.0,0.485,0.412,-7.766,0.042,0.738,0.12,64.062,135493.0,0.612,A
1412,103,1,Changes,6865229,Justin Bieber,48544923, post-teen pop,62.0,0.485,0.412,-7.766,0.042,0.738,0.12,64.062,135493.0,0.612,A
1413,116,1,Confirmation,6520106,Justin Bieber,48544923, pop,58.0,0.438,0.315,-8.186,0.0375,0.608,0.151,190.064,170587.0,0.449,G#/Ab
1413,116,1,Confirmation,6520106,Justin Bieber,48544923, post-teen pop,58.0,0.438,0.315,-8.186,0.0375,0.608,0.151,190.064,170587.0,0.449,G#/Ab
1415,135,1,E.T.A.,6008945,Justin Bieber,48544923, pop,58.0,0.465,0.494,-7.595,0.066,0.49,0.127,127.298,176733.0,0.457,E
1415,135,1,E.T.A.,6008945,Justin Bieber,48544923, post-teen pop,58.0,0.465,0.494,-7.595,0.066,0.49,0.127,127.298,176733.0,0.457,E
1417,141,1,Take It Out On Me,5858768,Justin Bieber,48544923, pop,54.0,0.772,0.616,-4.673,0.102,0.00337,0.104,129.967,178013.0,0.279,G
1417,141,1,Take It Out On Me,5858768,Justin Bieber,48544923, post-teen pop,54.0,0.772,0.616,-4.673,0.102,0.00337,0.104,129.967,178013.0,0.279,G
1420,164,1,That's What Love Is,5440037,Justin Bieber,48544923, pop,59.0,0.639,0.437,-6.959,0.0355,0.692,0.12,147.575,165120.0,0.751,A
1420,164,1,That's What Love Is,5440037,Justin Bieber,48544923, post-teen pop,59.0,0.639,0.437,-6.959,0.0355,0.692,0.12,147.575,165120.0,0.751,A
1426,61,3,Only The Young - Featured in Miss Americana,5111068,Taylor Swift,42227614, post-teen pop,63.0,0.56,0.78,-4.895,0.0517,0.00244,0.0714,93.516,157507.0,0.602,F
1428,193,1,At Least For Now,5033764,Justin Bieber,48544923, pop,54.0,0.375,0.304,-9.897,0.0325,0.683,0.196,83.832,149653.0,0.295,A
1428,193,1,At Least For Now,5033764,Justin Bieber,48544923, post-teen pop,54.0,0.375,0.304,-9.897,0.0325,0.683,0.196,83.832,149653.0,0.295,A
1430,186,2,Too Good At Goodbyes,4984764,Sam Smith,17097317,dance pop,72.0,0.681,0.372,-8.237,0.0432,0.64,0.169,91.873,201000.0,0.476,F
1430,186,2,Too Good At Goodbyes,4984764,Sam Smith,17097317, pop,72.0,0.681,0.372,-8.237,0.0432,0.64,0.169,91.873,201000.0,0.476,F
1430,186,2,Too Good At Goodbyes,4984764,Sam Smith,17097317, post-teen pop,72.0,0.681,0.372,-8.237,0.0432,0.64,0.169,91.873,201000.0,0.476,F
1457,22,3,Those Kinda Nights (feat. Ed Sheeran),5823422,Eminem,46814751, rap,66.0,0.794,0.637,-6.29,0.339,0.028,0.0919,103.868,177693.0,0.393,E
1467,193,1,ME! (feat. Brendon Urie of Panic! At The Disco),4884909,Taylor Swift,42227614, post-teen pop,77.0,0.61,0.83,-4.105,0.0571,0.033,0.118,182.162,193000.0,0.728,C
1472,26,2,Darkness,7618955,Eminem,46814751, rap,65.0,0.671,0.623,-7.161,0.308,0.00998,0.643,75.055,337147.0,0.195,D
1473,30,2,"You Gonâ Learn (feat. Royce Da 5'9"" & White Gold)",7157402,Eminem,46814751, rap,66.0,0.68,0.82,-4.197,0.151,0.0614,0.597,140.033,234653.0,0.243,E
1476,32,2,Unaccommodating (feat. Young M.A),6374807,Eminem,46814751, rap,65.0,0.852,0.752,-5.793,0.0597,0.0169,0.394,89.95,216600.0,0.389,C#/Db
1478,44,2,Leaving Heaven (feat. Skylar Grey),5466161,Eminem,46814751, rap,64.0,0.661,0.748,-4.809,0.206,0.175,0.254,171.983,265947.0,0.509,D
1486,52,2,In Too Deep,4824037,Eminem,46814751, rap,62.0,0.72,0.767,-5.839,0.214,0.0387,0.202,88.966,194707.0,0.595,A#/Bb
1487,57,1,Premonition - Intro,10830400,Eminem,46814751, rap,62.0,0.847,0.637,-5.193,0.367,0.0258,0.382,165.979,173893.0,0.511,C#/Db
1490,70,1,No Regrets (feat. Don Toliver),9493884,Eminem,46814751, rap,63.0,0.756,0.747,-5.407,0.046,0.0048,0.588,134.935,200947.0,0.0687,A
1492,72,1,Lock It Up (feat. Anderson .Paak),9328951,Eminem,46814751, rap,64.0,0.848,0.745,-3.052,0.221,0.0949,0.0796,137.024,170227.0,0.516,F#/Gb
1493,73,1,Marsh,9260007,Eminem,46814751, rap,62.0,0.871,0.493,-6.356,0.205,0.0134,0.385,144.989,200573.0,0.0495,C#/Db
1494,74,1,Stepdad,9159901,Eminem,46814751, rap,61.0,0.779,0.805,-3.121,0.178,0.018,0.321,145.68,213413.0,0.557,C#/Db
1495,83,1,"Yah Yah (feat. Royce Da 5'9"", Black Thought, Q-Tip & Denaun)",8695060,Eminem,46814751, rap,60.0,0.458,0.966,-2.107,0.384,0.14,0.11,183.586,286960.0,0.356,C#/Db
1496,90,1,Never Love Again,8335790,Eminem,46814751, rap,62.0,0.747,0.899,-5.125,0.246,0.1,0.486,92.029,177547.0,0.581,F
1498,94,1,Farewell,8277608,Eminem,46814751, rap,61.0,0.89,0.664,-6.625,0.106,0.00487,0.257,93.007,247733.0,0.467,E
1500,100,1,Alfred - Interlude,8030151,Eminem,46814751, rap,57.0,0.429,0.231,-20.43,0.402,0.878,0.279,74.545,30133.0,0.914,F
1501,102,1,Little Engine,7913461,Eminem,46814751, rap,60.0,0.769,0.811,-4.162,0.228,0.0234,0.0451,155.081,177293.0,0.76,A#/Bb
1502,113,1,"I Will (feat. KXNG Crooked, Royce Da 5'9"" & Joell Ortiz)",7115414,Eminem,46814751, rap,60.0,0.635,0.543,-5.941,0.067,0.0454,0.272,98.743,303000.0,0.036,G#/Ab
1511,87,1,Vulnerable,7531094,Selena Gomez,28931149,dance pop,55.0,0.695,0.573,-8.882,0.167,0.132,0.156,100.031,192172.0,0.38,A#/Bb
1511,87,1,Vulnerable,7531094,Selena Gomez,28931149, pop,55.0,0.695,0.573,-8.882,0.167,0.132,0.156,100.031,192172.0,0.38,A#/Bb
1511,87,1,Vulnerable,7531094,Selena Gomez,28931149, post-teen pop,55.0,0.695,0.573,-8.882,0.167,0.132,0.156,100.031,192172.0,0.38,A#/Bb
1512,90,1,Dance Again,7394604,Selena Gomez,28931149,dance pop,56.0,0.784,0.552,-7.261,0.0871,0.0447,0.192,111.984,170498.0,0.465,C#/Db
1512,90,1,Dance Again,7394604,Selena Gomez,28931149, pop,56.0,0.784,0.552,-7.261,0.0871,0.0447,0.192,111.984,170498.0,0.465,C#/Db
1512,90,1,Dance Again,7394604,Selena Gomez,28931149, post-teen pop,56.0,0.784,0.552,-7.261,0.0871,0.0447,0.192,111.984,170498.0,0.465,C#/Db
1513,107,1,Ring,6693229,Selena Gomez,28931149,dance pop,55.0,0.873,0.51,-5.35,0.0661,0.565,0.0738,110.953,148776.0,0.871,D#/Eb
1513,107,1,Ring,6693229,Selena Gomez,28931149, pop,55.0,0.873,0.51,-5.35,0.0661,0.565,0.0738,110.953,148776.0,0.871,D#/Eb
1513,107,1,Ring,6693229,Selena Gomez,28931149, post-teen pop,55.0,0.873,0.51,-5.35,0.0661,0.565,0.0738,110.953,148776.0,0.871,D#/Eb
1514,111,1,Crowded Room (feat. 6LACK),6483001,Selena Gomez,28931149,dance pop,55.0,0.724,0.415,-8.408,0.0518,0.764,0.103,89.999,186459.0,0.328,G
1514,111,1,Crowded Room (feat. 6LACK),6483001,Selena Gomez,28931149, pop,55.0,0.724,0.415,-8.408,0.0518,0.764,0.103,89.999,186459.0,0.328,G
1514,111,1,Crowded Room (feat. 6LACK),6483001,Selena Gomez,28931149, post-teen pop,55.0,0.724,0.415,-8.408,0.0518,0.764,0.103,89.999,186459.0,0.328,G
1515,119,1,People You Know,6255954,Selena Gomez,28931149,dance pop,54.0,0.695,0.62,-8.082,0.0521,0.0881,0.111,150.032,194900.0,0.62,G#/Ab
1515,119,1,People You Know,6255954,Selena Gomez,28931149, pop,54.0,0.695,0.62,-8.082,0.0521,0.0881,0.111,150.032,194900.0,0.62,G#/Ab
1515,119,1,People You Know,6255954,Selena Gomez,28931149, post-teen pop,54.0,0.695,0.62,-8.082,0.0521,0.0881,0.111,150.032,194900.0,0.62,G#/Ab
1519,161,1,Let Me Get Me,5356671,Selena Gomez,28931149,dance pop,51.0,0.826,0.571,-9.263,0.0426,0.249,0.215,121.06,189145.0,0.475,D
1519,161,1,Let Me Get Me,5356671,Selena Gomez,28931149, pop,51.0,0.826,0.571,-9.263,0.0426,0.249,0.215,121.06,189145.0,0.475,D
1519,161,1,Let Me Get Me,5356671,Selena Gomez,28931149, post-teen pop,51.0,0.826,0.571,-9.263,0.0426,0.249,0.215,121.06,189145.0,0.475,D
1520,166,1,A Sweeter Place (feat. Kid Cudi),5291134,Selena Gomez,28931149,dance pop,52.0,0.583,0.777,-6.991,0.185,0.109,0.108,190.054,263306.0,0.31,A#/Bb
1520,166,1,A Sweeter Place (feat. Kid Cudi),5291134,Selena Gomez,28931149, pop,52.0,0.583,0.777,-6.991,0.185,0.109,0.108,190.054,263306.0,0.31,A#/Bb
1520,166,1,A Sweeter Place (feat. Kid Cudi),5291134,Selena Gomez,28931149, post-teen pop,52.0,0.583,0.777,-6.991,0.185,0.109,0.108,190.054,263306.0,0.31,A#/Bb
1529,195,1,Cut You Off,4874380,Selena Gomez,28931149,dance pop,51.0,0.855,0.294,-8.676,0.286,0.3,0.091,139.745,182017.0,0.842,F
1529,195,1,Cut You Off,4874380,Selena Gomez,28931149, pop,51.0,0.855,0.294,-8.676,0.286,0.3,0.091,139.745,182017.0,0.842,F
1529,195,1,Cut You Off,4874380,Selena Gomez,28931149, post-teen pop,51.0,0.855,0.294,-8.676,0.286,0.3,0.091,139.745,182017.0,0.842,F
1530,196,1,Kinda Crazy,4866777,Selena Gomez,28931149,dance pop,49.0,0.691,0.446,-10.304,0.0472,0.484,0.183,93.03,212436.0,0.534,B
1530,196,1,Kinda Crazy,4866777,Selena Gomez,28931149, pop,49.0,0.691,0.446,-10.304,0.0472,0.484,0.183,93.03,212436.0,0.534,B
1530,196,1,Kinda Crazy,4866777,Selena Gomez,28931149, post-teen pop,49.0,0.691,0.446,-10.304,0.0472,0.484,0.183,93.03,212436.0,0.534,B
1546,128,1,Candy,5632102,Doja Cat,8671649,dance pop,71.0,0.689,0.516,-5.857,0.0444,0.513,0.163,124.876,190920.0,0.209,G#/Ab
1546,128,1,Candy,5632102,Doja Cat,8671649, pop,71.0,0.689,0.516,-5.857,0.0444,0.513,0.163,124.876,190920.0,0.209,G#/Ab
1552,195,1,New Rules,4630675,Dua Lipa,27167675,dance pop,79.0,0.762,0.7,-6.021,0.0694,0.00261,0.153,116.073,209320.0,0.608,A
1552,195,1,New Rules,4630675,Dua Lipa,27167675, pop,79.0,0.762,0.7,-6.021,0.0694,0.00261,0.153,116.073,209320.0,0.608,A
1556,199,1,Lover (Remix) [feat. Shawn Mendes],4595450,Taylor Swift,42227614, post-teen pop,70.0,0.448,0.603,-7.176,0.064,0.433,0.0862,205.272,221307.0,0.422,G
